,company,price,rating,processor,ram,battery,screen_size,width,height,frequency,rom
0,OnePlus,54999,89.0,Snapdragon,12.0,100.0,6.0,1440.0,3216.0,120.0,256.0
1,OnePlus,19989,81.0,Snapdragon,6.0,33.0,6.0,1080.0,2412.0,120.0,128.0
2,Samsung,16499,75.0,Exynos,4.0,15.0,6.0,1080.0,2408.0,90.0,64.0
3,Motorola,14999,81.0,Snapdragon,6.0,,6.0,1080.0,2400.0,120.0,128.0
4,Realme,24999,82.0,Dimensity,6.0,67.0,6.0,1080.0,2412.0,120.0,128.0
5,Samsung,16999,80.0,Snapdragon,6.0,25.0,6.0,1080.0,2408.0,120.0,128.0
6,Apple,65999,81.0,Bionic,6.0,,6.0,1170.0,2532.0,,128.0
7,Xiaomi,29999,86.0,Dimensity,8.0,120.0,6.0,1080.0,2400.0,120.0,256.0
8,Nothing,26749,85.0,Snapdragon,8.0,33.0,6.0,1080.0,2400.0,120.0,128.0
9,OnePlus,28999,84.0,Dimensity,8.0,80.0,6.0,1080.0,2400.0,90.0,128.0
10,Realme,18999,82.0,Snapdragon,6.0,33.0,6.0,1080.0,2400.0,120.0,128.0
11,Oppo,18999,79.0,Dimensity,8.0,33.0,6.0,720.0,1612.0,90.0,128.0
12,Xiaomi,24762,79.0,Dimensity,6.0,67.0,6.0,1080.0,2400.0,120.0,128.0
13,Vivo,16990,80.0,Snapdragon,6.0,18.0,6.0,1080.0,2408.0,120.0,128.0
14,Samsung,114990,,Snapdragon,8.0,45.0,6.0,1440.0,3088.0,120.0,256.0
15,Apple,62999,79.0,Bionic,4.0,,6.0,1170.0,2532.0,,128.0
16,Vivo,9999,65.0,Helio,3.0,10.0,6.0,720.0,1600.0,,32.0
17,OPPO,45999,86.0,Snapdragon,16.0,80.0,6.0,1080.0,2412.0,120.0,256.0
18,OnePlus,32999,86.0,Dimensity,8.0,80.0,6.0,1080.0,2412.0,120.0,128.0
19,Vivo,14499,72.0,Helio,4.0,18.0,6.0,720.0,1612.0,,64.0
20,OnePlus,39999,85.0,Snapdragon,8.0,100.0,6.0,1080.0,2412.0,120.0,128.0
21,Vivo,35999,85.0,Dimensity,8.0,66.0,6.0,1080.0,2376.0,120.0,128.0
22,Poco,14999,80.0,Snapdragon,6.0,67.0,6.0,1080.0,2400.0,120.0,64.0
23,Xiaomi,17859,76.0,Snapdragon,4.0,33.0,6.0,1080.0,2400.0,120.0,128.0
24,Vivo,42990,87.0,Dimensity,12.0,100.0,6.0,1080.0,2400.0,120.0,256.0
25,Samsung,31239,88.0,Snapdragon,8.0,,6.0,1080.0,2400.0,120.0,128.0
26,OnePlus,21995,84.0,Snapdragon,8.0,33.0,6.0,1080.0,2412.0,120.0,128.0
27,Apple,129990,76.0,Bionic,6.0,,6.0,1290.0,2796.0,120.0,128.0
28,Vivo,27999,83.0,Dimensity,8.0,44.0,6.0,1080.0,2408.0,90.0,128.0
29,OnePlus,69999,,Snapdragon,8.0,100.0,6.0,1440.0,3216.0,120.0,128.0
30,Realme,19999,84.0,Snapdragon,8.0,33.0,6.0,1080.0,2400.0,120.0,128.0
31,Poco,20999,81.0,Snapdragon,6.0,67.0,6.0,1080.0,2400.0,120.0,128.0
32,Vivo,27990,83.0,Dimensity,8.0,67.0,6.0,1080.0,2400.0,120.0,256.0
33,Apple,38999,73.0,A13,4.0,,6.0,828.0,1792.0,,64.0
34,Samsung,23790,85.0,Dimensity,6.0,25.0,6.0,1080.0,2400.0,120.0,128.0
35,Samsung,39999,87.0,Exynos,8.0,25.0,6.0,1080.0,2340.0,120.0,128.0
36,Oppo,29990,87.0,Snapdragon,8.0,66.0,6.0,1080.0,2400.0,120.0,256.0
37,Samsung,91999,,Snapdragon,12.0,45.0,6.0,1440.0,3080.0,120.0,256.0
38,Xiaomi,32999,83.0,Snapdragon,6.0,210.0,6.0,1080.0,2460.0,120.0,128.0
39,OPPO,28499,83.0,Snapdragon,8.0,67.0,6.0,1080.0,2412.0,120.0,256.0
40,OnePlus,21999,83.0,Snapdragon,6.0,67.0,6.0,1080.0,2412.0,120.0,128.0
41,Xiaomi,19999,83.0,Snapdragon,6.0,67.0,6.0,1080.0,2400.0,120.0,128.0
42,Motorola,18999,87.0,Dimensity,6.0,30.0,6.0,1080.0,2400.0,90.0,128.0
43,Realme,27999,85.0,Dimensity,8.0,67.0,6.0,1080.0,2412.0,120.0,256.0
44,Vivo,18499,80.0,Snapdragon,8.0,44.0,6.0,1080.0,2408.0,90.0,128.0
45,Samsung,17478,81.0,Exynos,6.0,25.0,6.0,1080.0,2400.0,120.0,128.0
46,Xiaomi,11936,76.0,Snapdragon,4.0,33.0,6.0,1080.0,2400.0,90.0,64.0
47,Realme,8950,64.0,Unisoc,3.0,,6.0,720.0,1600.0,,32.0
48,Vivo,12489,68.0,Helio,4.0,10.0,6.0,720.0,1600.0,,64.0
49,Samsung,42999,,Snapdragon,8.0,33.0,6.0,1080.0,2412.0,120.0,128.0
50,Samsung,18999,79.0,Exynos,6.0,15.0,6.0,1080.0,2408.0,90.0,128.0
51,iQOO,29999,82.0,Dimensity,8.0,120.0,6.0,1080.0,2400.0,120.0,128.0
52,Jio,11990,64.0,Snapdragon,4.0,18.0,6.0,720.0,1600.0,90.0,32.0
53,Motorola,18999,83.0,Snapdragon,6.0,30.0,6.0,1080.0,2400.0,120.0,128.0
54,Realme,13999,74.0,Helio,4.0,33.0,6.0,1080.0,2400.0,90.0,64.0
55,Realme,14965,75.0,Dimensity,4.0,18.0,6.0,1080.0,2408.0,90.0,64.0
56,Apple,74999,82.0,Bionic,6.0,,6.0,1284.0,2778.0,,128.0
57,Xiaomi,10999,78.0,Helio,6.0,33.0,6.0,1080.0,2400.0,,64.0
58,Samsung,84990,89.0,Snapdragon,8.0,45.0,6.0,1080.0,2340.0,120.0,256.0
59,Motorola,10499,75.0,Snapdragon,4.0,33.0,6.0,1080.0,2400.0,90.0,64.0
60,Xiaomi,17990,78.0,Dimensity,6.0,67.0,6.0,1080.0,2460.0,120.0,128.0
61,Vivo,29990,85.0,Snapdragon,8.0,66.0,6.0,1080.0,2400.0,120.0,128.0
62,Samsung,18499,79.0,Snapdragon,6.0,25.0,6.0,1080.0,2408.0,,128.0
63,Vivo,16499,75.0,Helio,6.0,18.0,6.0,720.0,1612.0,,128.0
64,Poco,14999,81.0,Dimensity,6.0,33.0,6.0,1080.0,2400.0,90.0,128.0
65,Vivo,35499,86.0,Dimensity,8.0,66.0,6.0,1080.0,2400.0,120.0,256.0
66,OnePlus,60999,89.0,Snapdragon,8.0,80.0,6.0,1440.0,3216.0,120.0,128.0
67,Xiaomi,32999,87.0,Dimensity,12.0,120.0,6.0,1080.0,2400.0,120.0,256.0
68,Samsung,15999,78.0,Snapdragon,4.0,25.0,6.0,1080.0,2408.0,120.0,128.0
69,Oppo,99990,,Snapdragon,8.0,67.0,7.0,1792.0,1920.0,120.0,256.0
70,OPPO,9499,62.0,Helio,3.0,,6.0,720.0,1612.0,,64.0
71,Vivo,27994,86.0,Dimensity,12.0,44.0,6.0,1080.0,2400.0,90.0,256.0
72,iQOO,13989,75.0,Snapdragon,4.0,18.0,6.0,1080.0,2408.0,120.0,64.0
73,OnePlus,44999,85.0,Snapdragon,8.0,150.0,6.0,1080.0,2412.0,120.0,128.0
74,Xiaomi,13999,79.0,Dimensity,6.0,18.0,6.0,1080.0,2400.0,90.0,128.0
75,Gionee,6190,,Tiger,4.0,,6.0,720.0,1600.0,,32.0
76,Apple,119900,83.0,Bionic,6.0,,6.0,1170.0,2532.0,120.0,128.0
77,OPPO,27660,83.0,Snapdragon,8.0,67.0,6.0,1080.0,2400.0,120.0,128.0
78,Samsung,24999,75.0,Exynos,6.0,33.0,6.0,1080.0,2400.0,90.0,128.0
79,Xiaomi,8388,66.0,Helio,4.0,,6.0,720.0,1600.0,,64.0
80,Motorola,15999,83.0,Helio,6.0,33.0,6.0,1080.0,2400.0,120.0,128.0
81,Samsung,20999,82.0,Exynos,8.0,15.0,6.0,1080.0,2408.0,90.0,128.0
82,Realme,13999,75.0,Dimensity,4.0,18.0,6.0,1080.0,2400.0,90.0,64.0
83,Vivo,19990,83.0,Snapdragon,8.0,18.0,6.0,1080.0,2408.0,120.0,128.0
84,Samsung,13999,75.0,Dimensity,6.0,15.0,6.0,720.0,1600.0,90.0,128.0
85,Motorola,22999,83.0,Snapdragon,6.0,33.0,6.0,1080.0,2400.0,144.0,128.0
86,Samsung,22999,79.0,Snapdragon,6.0,25.0,6.0,1080.0,2408.0,120.0,128.0
87,OPPO,16999,79.0,Dimensity,8.0,33.0,6.0,720.0,1612.0,90.0,128.0
88,Xiaomi,14290,80.0,Snapdragon,6.0,33.0,6.0,1080.0,2400.0,90.0,128.0
89,Samsung,41999,,Snapdragon,8.0,25.0,6.0,1080.0,2400.0,120.0,128.0
90,Vivo,13489,69.0,Helio,4.0,18.0,6.0,720.0,1600.0,,64.0
91,OnePlus,22990,83.0,Dimensity,8.0,,6.0,1080.0,2412.0,120.0,128.0
92,Motorola,16499,84.0,Snapdragon,8.0,,6.0,1080.0,2400.0,120.0,128.0
93,Vivo,73999,,Snapdragon,12.0,80.0,6.0,1440.0,3200.0,120.0,256.0
94,Realme,9999,67.0,Unisoc,4.0,,6.0,720.0,1600.0,,64.0
95,Realme,12499,75.0,Snapdragon,4.0,33.0,6.0,1080.0,2412.0,90.0,64.0
96,OPPO,12499,72.0,Helio,4.0,,6.0,720.0,1612.0,,64.0
97,iQOO,59999,88.0,Snapdragon,8.0,120.0,6.0,1440.0,3200.0,144.0,256.0
98,Vivo,106990,,Snapdragon,12.0,66.0,8.0,1916.0,2160.0,120.0,256.0
99,Vivo,15990,78.0,Snapdragon,4.0,18.0,6.0,1080.0,2408.0,120.0,128.0
100,Apple,119990,75.0,Bionic,6.0,,6.0,1179.0,2556.0,120.0,128.0
101,Xiaomi,19999,83.0,Snapdragon,6.0,33.0,6.0,1080.0,2400.0,120.0,128.0
102,Motorola,23990,83.0,Snapdragon,8.0,68.0,6.0,1080.0,2460.0,144.0,128.0
103,Realme,12999,80.0,Dimensity,8.0,33.0,6.0,1080.0,2408.0,90.0,128.0
104,OPPO,19990,82.0,Dimensity,8.0,50.0,6.0,1080.0,2400.0,,128.0
105,Xiaomi,58990,,Snapdragon,8.0,120.0,6.0,1440.0,3200.0,120.0,128.0
106,Vivo,43999,87.0,Dimensity,12.0,120.0,6.0,1080.0,2400.0,144.0,256.0
107,Samsung,49999,86.0,Snapdragon,8.0,25.0,6.0,1080.0,2340.0,120.0,128.0
108,Vivo,15999,79.0,Snapdragon,6.0,44.0,6.0,1080.0,2408.0,,128.0
109,OnePlus,36999,87.0,Dimensity,12.0,80.0,6.0,1080.0,2412.0,120.0,256.0
110,Tecno,39999,85.0,Dimensity,8.0,45.0,6.0,1080.0,2400.0,120.0,256.0
111,Apple,51999,74.0,Bionic,4.0,1.0,,,,,64.0
112,Xiaomi,22999,82.0,Dimensity,6.0,67.0,6.0,1080.0,2460.0,144.0,128.0
113,Samsung,31999,87.0,Exynos,6.0,25.0,6.0,1080.0,2400.0,120.0,128.0
114,Xiaomi,6171,,Helio,2.0,10.0,6.0,720.0,1600.0,,32.0
115,OPPO,29340,83.0,Dimensity,8.0,80.0,6.0,1080.0,2400.0,90.0,128.0
116,Samsung,25289,87.0,Dimensity,8.0,25.0,6.0,1080.0,2400.0,120.0,128.0
117,iQOO,21788,78.0,Snapdragon,6.0,66.0,6.0,1080.0,2404.0,90.0,128.0
118,Tesla,69999,83.0,Octa,16.0,120.0,6.0,1080.0,2448.0,165.0,512.0
119,Samsung,70990,88.0,Snapdragon,8.0,25.0,6.0,1080.0,2340.0,120.0,128.0
120,Motorola,34999,89.0,Snapdragon,8.0,68.0,6.0,1080.0,2400.0,144.0,128.0
121,OnePlus,33900,85.0,Dimensity,12.0,80.0,6.0,1080.0,2400.0,90.0,256.0
122,Google,29999,71.0,Google,6.0,,6.0,1080.0,2400.0,,128.0
123,Infinix,18999,84.0,Dimensity,8.0,33.0,6.0,1080.0,2400.0,,128.0
124,Samsung,19499,84.0,Exynos,8.0,25.0,6.0,1080.0,2400.0,120.0,128.0
125,Vivo,24994,83.0,Dimensity,8.0,44.0,6.0,1080.0,2400.0,90.0,128.0
126,Motorola,10999,78.0,Snapdragon,4.0,20.0,6.0,1080.0,2400.0,,64.0
127,OnePlus,24999,85.0,Snapdragon,8.0,33.0,6.0,1080.0,2412.0,120.0,256.0
128,Samsung,25999,82.0,Exynos,6.0,25.0,6.0,1080.0,2400.0,90.0,128.0
129,Google,34990,69.0,Google,6.0,,6.0,1080.0,2400.0,90.0,128.0
130,Xiaomi,13466,74.0,Dimensity,4.0,18.0,6.0,1080.0,2408.0,90.0,64.0
131,Xiaomi,9999,76.0,Snapdragon,4.0,18.0,6.0,1080.0,2400.0,,64.0
132,Motorola,7999,71.0,Tiger,4.0,,6.0,720.0,1600.0,90.0,64.0
133,Nothing,28249,86.0,Snapdragon,8.0,33.0,6.0,1080.0,2400.0,120.0,256.0
134,Poco,16499,82.0,Snapdragon,6.0,67.0,6.0,1080.0,2400.0,120.0,128.0
135,Xiaomi,22999,87.0,Snapdragon,8.0,67.0,6.0,1080.0,2400.0,120.0,256.0
136,Apple,46999,75.0,A13,4.0,,6.0,828.0,1792.0,,128.0
137,Realme,13999,74.0,Tiger,6.0,18.0,6.0,1080.0,2408.0,90.0,128.0
138,OPPO,13490,78.0,Snapdragon,6.0,33.0,6.0,1080.0,2412.0,90.0,128.0
139,iQOO,28999,82.0,Snapdragon,8.0,80.0,6.0,1080.0,2400.0,120.0,128.0
140,iQOO,15499,78.0,Snapdragon,4.0,18.0,6.0,1080.0,2408.0,120.0,128.0
141,OPPO,39999,86.0,Dimensity,16.0,67.0,6.0,1080.0,2412.0,120.0,256.0
142,Poco,12999,76.0,Dimensity,4.0,33.0,6.0,1080.0,2400.0,90.0,64.0
143,Jio,4499,,Quad,2.0,,,720.0,1280.0,,64.0
144,OnePlus,14999,69.0,Snapdragon,4.0,18.0,6.0,720.0,1560.0,,64.0
145,Samsung,8499,68.0,Helio,4.0,15.0,6.0,720.0,1600.0,,64.0
146,iQOO,24990,83.0,Snapdragon,8.0,66.0,6.0,1080.0,2400.0,120.0,128.0
147,Samsung,16999,84.0,Exynos,6.0,25.0,6.0,1080.0,2400.0,120.0,128.0
148,Xiaomi,9589,71.0,Snapdragon,4.0,18.0,6.0,720.0,1600.0,,64.0
149,Apple,40999,74.0,Bionic,4.0,4.0,,,,,64.0
150,Xiaomi,19988,79.0,Snapdragon,6.0,33.0,6.0,1080.0,2400.0,120.0,128.0
151,Motorola,11999,75.0,Snapdragon,4.0,33.0,6.0,2460.0,1080.0,90.0,64.0
152,Apple,142990,79.0,Bionic,8.0,25.0,6.0,1284.0,2778.0,120.0,256.0
153,Oppo,30990,87.0,Snapdragon,8.0,67.0,6.0,1080.0,2412.0,120.0,128.0
154,Infinix,19499,85.0,Dimensity,8.0,33.0,6.0,1080.0,2460.0,120.0,256.0
155,Nokia,4990,,Snapdragon,4.0,,2.0,240.0,320.0,,512.0
156,Realme,5299,,Tiger,2.0,,6.0,720.0,1600.0,,32.0
157,OPPO,25969,82.0,Snapdragon,8.0,33.0,6.0,1080.0,2400.0,,128.0
158,Realme,28999,82.0,Snapdragon,6.0,65.0,6.0,1080.0,2400.0,120.0,128.0
159,Oppo,94990,,Snapdragon,12.0,67.0,7.0,1792.0,1920.0,120.0,256.0
160,Realme,14999,81.0,Snapdragon,6.0,33.0,6.0,1080.0,2400.0,90.0,128.0
161,Cola,14999,74.0,Helio,4.0,33.0,6.0,1080.0,2400.0,90.0,64.0
162,Apple,129900,84.0,Bionic,6.0,,6.0,1284.0,2778.0,120.0,128.0
163,Oppo,58990,88.0,Snapdragon,12.0,80.0,6.0,1080.0,2412.0,120.0,256.0
164,Vivo,41990,88.0,Dimensity,8.0,120.0,6.0,1260.0,2800.0,120.0,128.0
165,Samsung,10999,74.0,Exynos,4.0,15.0,6.0,2408.0,1080.0,,64.0
166,Xiaomi,11999,79.0,Helio,6.0,33.0,6.0,1080.0,2400.0,,128.0
167,Realme,16999,79.0,Helio,8.0,33.0,6.0,1080.0,2400.0,90.0,128.0
168,iQOO,30990,83.0,Snapdragon,8.0,66.0,6.0,1080.0,2400.0,120.0,128.0
169,Infinix,17999,75.0,Dimensity,4.0,18.0,6.0,1080.0,2408.0,120.0,64.0
170,Letv,5499,,Tiger,4.0,,6.0,720.0,1560.0,,32.0
171,Xiaomi,20499,83.0,Snapdragon,6.0,67.0,6.0,1080.0,2460.0,120.0,128.0
172,Realme,20490,81.0,Dimensity,6.0,33.0,6.0,1080.0,2400.0,90.0,128.0
173,OPPO,15490,77.0,Snapdragon,6.0,18.0,6.0,1080.0,2400.0,90.0,128.0
174,Apple,29990,61.0,A13,3.0,,4.0,750.0,1334.0,,64.0
175,iQOO,15499,79.0,Snapdragon,6.0,18.0,6.0,1080.0,2408.0,120.0,128.0
176,Xiaomi,11999,80.0,Helio,6.0,33.0,6.0,1080.0,2400.0,,64.0
177,Realme,10999,74.0,Helio,4.0,33.0,6.0,1080.0,2412.0,120.0,64.0
178,Vivo,21990,82.0,Dimensity,8.0,18.0,6.0,1080.0,2408.0,,128.0
179,Vivo,31999,85.0,Dimensity,12.0,44.0,6.0,1080.0,2408.0,90.0,256.0
180,POCO,11999,77.0,Helio,6.0,33.0,6.0,1080.0,2400.0,90.0,64.0
181,Infinix,36999,89.0,Dimensity,8.0,180.0,6.0,1080.0,2400.0,120.0,256.0
182,Tecno,6999,62.0,Helio,3.0,10.0,6.0,720.0,1600.0,,32.0
183,Motorola,39999,89.0,Snapdragon,8.0,125.0,6.0,1080.0,2400.0,165.0,128.0
184,Samsung,14999,78.0,Snapdragon,4.0,25.0,6.0,1080.0,2408.0,120.0,128.0
185,Realme,14499,79.0,Dimensity,8.0,33.0,6.0,1080.0,2408.0,90.0,128.0
186,OnePlus,27999,84.0,Dimensity,8.0,120.0,6.0,1080.0,2400.0,90.0,128.0
187,Motorola,20499,86.0,Snapdragon,8.0,30.0,6.0,1080.0,2400.0,120.0,128.0
188,iKall,8099,60.0,Quad,4.0,,6.0,720.0,1600.0,,64.0
189,LeEco,10999,65.0,Tiger,8.0,10.0,6.0,720.0,1600.0,,128.0
190,Realme,3499,63.0,Helio,3.0,,6.0,720.0,1560.0,,32.0
191,Duoqin,9990,,Helio,4.0,,3.0,640.0,960.0,,64.0
192,Samsung,34999,85.0,Snapdragon,6.0,25.0,6.0,1080.0,2412.0,90.0,128.0
193,Nokia,46999,,Snapdragon,12.0,65.0,6.0,1400.0,3200.0,120.0,256.0
194,Motorola,39999,88.0,Snapdragon,8.0,68.0,6.0,1080.0,2400.0,144.0,128.0
195,Realme,11828,70.0,Tiger,4.0,18.0,6.0,1080.0,2408.0,,64.0
196,OPPO,45999,86.0,Dimensity,12.0,80.0,6.0,1080.0,2412.0,120.0,256.0
197,OnePlus,18999,81.0,Snapdragon,6.0,33.0,6.0,1080.0,2412.0,120.0,128.0
198,Poco,17999,84.0,Snapdragon,8.0,67.0,6.0,1080.0,2400.0,120.0,128.0
199,Samsung,8499,66.0,Helio,4.0,15.0,6.0,720.0,1600.0,,64.0
200,OPPO,17999,76.0,Snapdragon,8.0,33.0,6.0,720.0,1600.0,90.0,128.0
201,Samsung,14450,75.0,Octa,4.0,25.0,6.0,1080.0,2408.0,,64.0
202,Motorola,54999,,Snapdragon,8.0,125.0,6.0,1080.0,2400.0,144.0,128.0
203,Xiaomi,71999,,Snapdragon,12.0,120.0,6.0,1440.0,3200.0,120.0,256.0
204,Motorola,12999,79.0,Snapdragon,6.0,33.0,6.0,2460.0,1080.0,90.0,128.0
205,Poco,11499,75.0,Dimensity,4.0,18.0,6.0,1080.0,2400.0,90.0,64.0
206,Nothing,35999,87.0,Snapdragon,12.0,33.0,6.0,1080.0,2400.0,120.0,256.0
207,Samsung,34999,76.0,Exynos,6.0,25.0,6.0,1080.0,2400.0,120.0,128.0
208,Tecno,11999,73.0,Helio,8.0,18.0,6.0,720.0,1600.0,90.0,128.0
209,Xiaomi,27994,82.0,Dimensity,8.0,67.0,6.0,1080.0,2400.0,120.0,256.0
210,Apple,139990,77.0,Bionic,6.0,,6.0,1290.0,2796.0,120.0,256.0
211,Vivo,39999,86.0,Dimensity,12.0,66.0,6.0,1080.0,2376.0,120.0,256.0
212,Realme,15499,79.0,Dimensity,6.0,18.0,6.0,1080.0,2400.0,90.0,128.0
213,Realme,18999,80.0,Snapdragon,6.0,33.0,6.0,1080.0,2412.0,120.0,128.0
214,Lava,10999,73.0,Dimensity,4.0,,6.0,1600.0,720.0,90.0,128.0
215,Honor,27999,81.0,Snapdragon,8.0,40.0,6.0,1080.0,2400.0,120.0,256.0
216,Google,81999,,Google,12.0,30.0,6.0,1440.0,3120.0,120.0,128.0
217,Tecno,9999,74.0,Helio,4.0,33.0,6.0,1080.0,2460.0,90.0,64.0
218,Vivo,31994,85.0,Dimensity,8.0,44.0,6.0,1080.0,2376.0,90.0,128.0
219,Samsung,9299,65.0,Helio,3.0,,6.0,720.0,1600.0,,32.0
220,Xiaomi,29990,84.0,Snapdragon,8.0,67.0,6.0,1440.0,3200.0,120.0,128.0
221,Realme,25900,78.0,Dimensity,6.0,60.0,6.0,1080.0,2400.0,90.0,128.0
222,Realme,16999,78.0,Dimensity,6.0,18.0,6.0,1080.0,2408.0,90.0,128.0
223,Motorola,24999,85.0,Snapdragon,8.0,33.0,6.0,1080.0,2400.0,144.0,128.0
224,Xiaomi,12188,79.0,Snapdragon,6.0,33.0,6.0,1080.0,2400.0,90.0,64.0
225,Vivo,8999,,"Helio,",3.0,10.0,6.0,720.0,1600.0,,32.0
226,POCO,7499,68.0,Helio,4.0,,6.0,720.0,1600.0,,64.0
227,Realme,17999,79.0,Dimensity,6.0,33.0,6.0,1080.0,2400.0,90.0,128.0
228,Realme,24999,79.0,Snapdragon,6.0,80.0,6.0,1080.0,2400.0,120.0,128.0
229,OPPO,45999,86.0,Dimensity,12.0,80.0,6.0,1080.0,2412.0,120.0,256.0
230,OnePlus,65499,,Snapdragon,12.0,80.0,6.0,1440.0,3216.0,120.0,256.0
231,iQOO,58990,89.0,Snapdragon,8.0,200.0,6.0,1440.0,3200.0,144.0,256.0
232,Vivo,11999,74.0,Snapdragon,4.0,18.0,6.0,1080.0,2408.0,90.0,64.0
233,Xiaomi,11999,77.0,Snapdragon,8.0,18.0,6.0,720.0,1650.0,,128.0
234,OPPO,18990,76.0,Dimensity,6.0,33.0,6.0,720.0,1612.0,90.0,128.0
235,Vivo,14499,77.0,Snapdragon,4.0,44.0,6.0,1080.0,2408.0,,128.0
236,Xiaomi,106990,,Snapdragon,12.0,67.0,8.0,1914.0,2160.0,120.0,256.0
237,Vivo,10499,66.0,Helio,3.0,10.0,6.0,720.0,1600.0,,64.0
238,OPPO,26990,86.0,Snapdragon,8.0,33.0,6.0,1080.0,2400.0,,256.0
239,Vivo,19990,82.0,Helio,8.0,44.0,6.0,1080.0,2400.0,,128.0
240,Xiaomi,24999,89.0,Dimensity,8.0,120.0,6.0,1080.0,2400.0,120.0,256.0
241,OPPO,13969,69.0,Helio,4.0,33.0,6.0,720.0,1612.0,,64.0
242,Samsung,44999,83.0,Snapdragon,8.0,67.0,6.0,1080.0,2412.0,120.0,128.0
243,Vivo,24999,84.0,Snapdragon,8.0,66.0,6.0,1080.0,2404.0,90.0,128.0
244,Google,53100,86.0,Google,8.0,30.0,6.0,1080.0,2400.0,90.0,128.0
245,Xiaomi,16999,81.0,Dimensity,6.0,33.0,6.0,1080.0,2400.0,90.0,128.0
246,OPPO,21899,82.0,Snapdragon,8.0,33.0,6.0,1080.0,2400.0,90.0,128.0
247,Apple,75999,82.0,Bionic,6.0,,6.0,1170.0,2532.0,,256.0
248,Motorola,25999,85.0,Dimensity,8.0,30.0,6.0,1080.0,2400.0,120.0,256.0
249,Nubia,46990,84.0,Snapdragon,8.0,80.0,6.0,1116.0,2480.0,120.0,128.0
250,Motorola,9999,75.0,Helio,4.0,20.0,6.0,1080.0,2400.0,,64.0
251,Tecno,49999,89.0,Dimensity,12.0,45.0,6.0,1080.0,2400.0,120.0,256.0
252,Infinix,17999,87.0,Helio,8.0,45.0,6.0,1080.0,2400.0,90.0,128.0
253,iQOO,16940,80.0,Snapdragon,6.0,18.0,6.0,1080.0,2408.0,120.0,128.0
254,Xiaomi,17990,81.0,Snapdragon,6.0,67.0,6.0,1080.0,2400.0,120.0,64.0
255,OPPO,20990,84.0,Snapdragon,8.0,67.0,6.0,1080.0,2412.0,120.0,128.0
256,Samsung,51999,79.0,Exynos,8.0,33.0,6.0,1080.0,2400.0,120.0,128.0
257,Samsung,64449,87.0,Snapdragon,8.0,45.0,6.0,1080.0,2340.0,120.0,128.0
258,Vivo,8990,71.0,Snapdragon,6.0,18.0,6.0,1080.0,2408.0,90.0,64.0
259,Motorola,19999,77.0,Helio,4.0,30.0,6.0,720.0,1600.0,90.0,128.0
260,Poco,13499,79.0,Dimensity,6.0,18.0,6.0,1080.0,2400.0,90.0,128.0
261,Tecno,15499,78.0,Dimensity,8.0,18.0,6.0,1080.0,2460.0,120.0,128.0
262,POCO,6499,65.0,Helio,3.0,,6.0,720.0,1600.0,,32.0
263,Apple,71999,60.0,Apple,4.0,,6.0,828.0,1792.0,,64.0
264,Samsung,36499,89.0,Exynos,8.0,25.0,6.0,1080.0,2400.0,120.0,256.0
265,Infinix,15999,78.0,Dimensity,6.0,33.0,6.0,1080.0,2400.0,,64.0
266,OPPO,31994,87.0,Dimensity,12.0,65.0,6.0,1080.0,2400.0,90.0,256.0
267,OnePlus,34999,84.0,Snapdragon,8.0,100.0,6.0,1080.0,2412.0,120.0,128.0
268,Redmi,18999,81.0,Snapdragon,6.0,67.0,6.0,1080.0,2400.0,120.0,128.0
269,Nothing,39990,88.0,Snapdragon,8.0,66.0,6.0,1080.0,2400.0,120.0,128.0
270,Samsung,16499,82.0,Helio,8.0,15.0,6.0,1080.0,2400.0,90.0,128.0
271,Nokia,6199,,Snapdragon,512.0,,2.0,240.0,320.0,,4.0
272,Google,54300,89.0,Google,12.0,30.0,6.0,1440.0,3120.0,120.0,128.0
273,Infinix,9999,73.0,Helio,4.0,33.0,6.0,1080.0,2400.0,,64.0
274,Xiaomi,15990,77.0,Dimensity,6.0,18.0,6.0,1080.0,2408.0,90.0,128.0
275,Xiaomi,22700,86.0,Snapdragon,8.0,67.0,6.0,1080.0,2400.0,120.0,128.0
276,Xiaomi,50990,89.0,Snapdragon,8.0,120.0,6.0,1440.0,3200.0,120.0,256.0
277,Apple,64900,79.0,Bionic,4.0,,5.0,1080.0,2340.0,,128.0
278,Tecno,13799,77.0,Helio,6.0,33.0,6.0,1080.0,2460.0,90.0,128.0
279,Realme,8999,65.0,Tiger,4.0,,6.0,720.0,1600.0,,64.0
280,Asus,89999,88.0,Snapdragon,18.0,65.0,6.0,1080.0,2448.0,165.0,512.0
281,Vivo,21994,84.0,Dimensity,8.0,44.0,6.0,1080.0,2400.0,,128.0
282,Apple,69990,70.0,Bionic,6.0,,5.0,1080.0,2340.0,,128.0
283,Xiaomi,12999,75.0,Dimensity,4.0,18.0,6.0,1080.0,2400.0,90.0,64.0
284,iQOO,24990,83.0,Dimensity,8.0,120.0,6.0,1080.0,2400.0,120.0,128.0
285,Samsung,19990,82.0,Snapdragon,8.0,25.0,6.0,1080.0,2408.0,,128.0
286,Xiaomi,26999,82.0,Dimensity,8.0,67.0,6.0,1080.0,2400.0,120.0,128.0
287,Xiaomi,19999,81.0,Snapdragon,8.0,67.0,6.0,1080.0,2400.0,120.0,128.0
288,Infinix,16900,83.0,Helio,8.0,33.0,6.0,1080.0,2400.0,,256.0
289,Infinix,19999,78.0,Dimensity,6.0,18.0,6.0,1080.0,2408.0,120.0,128.0
290,Apple,182999,78.0,Bionic,6.0,,6.0,1290.0,2796.0,120.0,1.0
291,Samsung,12999,75.0,Exynos,6.0,15.0,6.0,1080.0,2400.0,,128.0
292,Poco,15999,82.0,Dimensity,8.0,33.0,6.0,1080.0,2400.0,90.0,128.0
293,Xiaomi,13999,82.0,Helio,8.0,33.0,6.0,1080.0,2400.0,,128.0
294,Realme,7749,61.0,"SC9863A,",4.0,,6.0,720.0,1600.0,,64.0
295,Samsung,24999,81.0,Snapdragon,8.0,25.0,6.0,1080.0,2408.0,120.0,128.0
296,Motorola,59999,,Snapdragon,12.0,125.0,6.0,1080.0,2400.0,144.0,256.0
297,OPPO,25895,82.0,Snapdragon,8.0,33.0,6.0,1080.0,2400.0,,128.0
298,Xiaomi,46990,89.0,Snapdragon,8.0,67.0,6.0,1080.0,2400.0,120.0,128.0
299,Xiaomi,7499,64.0,Helio,3.0,,6.0,720.0,1600.0,,32.0
300,Vivo,7790,60.0,Helio,2.0,10.0,6.0,720.0,1600.0,,32.0
301,Xiaomi,25999,85.0,Dimensity,8.0,67.0,6.0,1080.0,2460.0,144.0,256.0
302,Realme,6299,60.0,Tiger,3.0,,6.0,720.0,1600.0,,32.0
303,Motorola,12999,77.0,Snapdragon,4.0,,6.0,1080.0,2400.0,120.0,64.0
304,Xiaomi,11999,75.0,Snapdragon,6.0,18.0,6.0,720.0,1600.0,,128.0
305,Xiaomi,21890,83.0,Snapdragon,6.0,33.0,6.0,1080.0,2400.0,90.0,128.0
306,Samsung,69999,84.0,Snapdragon,8.0,15.0,6.0,1080.0,2640.0,120.0,128.0
307,Apple,55999,75.0,Bionic,4.0,1.0,,,,,128.0
308,OnePlus,55999,87.0,Snapdragon,16.0,150.0,6.0,1080.0,2412.0,120.0,256.0
309,Samsung,14999,75.0,Octa,4.0,25.0,6.0,1080.0,2408.0,,128.0
310,OPPO,25994,85.0,Dimensity,8.0,65.0,6.0,1080.0,2400.0,90.0,256.0
311,OnePlus,42999,85.0,Snapdragon,8.0,,6.0,1080.0,2400.0,120.0,128.0
312,Samsung,33499,89.0,Exynos,8.0,25.0,6.0,1080.0,2400.0,120.0,128.0
313,Samsung,118999,,Snapdragon,12.0,45.0,6.0,1440.0,3080.0,120.0,512.0
314,Motorola,16999,80.0,Snapdragon,6.0,33.0,6.0,1080.0,2400.0,,128.0
315,itel,6990,,Quad,2.0,,6.0,1600.0,720.0,,32.0
316,Vivo,29990,82.0,Dimensity,8.0,66.0,,1080.0,2400.0,120.0,128.0
317,Samsung,12944,71.0,Dimensity,4.0,15.0,6.0,720.0,1600.0,90.0,64.0
318,POCO,29990,84.0,Dimensity,8.0,80.0,6.0,1080.0,2400.0,144.0,128.0
319,Honor,16999,80.0,Snapdragon,8.0,66.0,6.0,1080.0,2388.0,,128.0
320,iQOO,64999,89.0,Snapdragon,16.0,120.0,6.0,1440.0,3200.0,144.0,256.0
321,Samsung,154998,,Snapdragon,12.0,25.0,7.0,1812.0,2176.0,120.0,256.0
322,Royole,109999,87.0,Snapdragon,8.0,,7.0,1440.0,1920.0,,128.0
323,Apple,84999,83.0,Bionic,6.0,,6.0,1284.0,2778.0,,256.0
324,Samsung,27499,85.0,Exynos,8.0,25.0,6.0,1080.0,2400.0,90.0,128.0
325,Tecno,8999,69.0,Helio,6.0,,6.0,720.0,1600.0,90.0,128.0
326,Google,40480,84.0,Google,8.0,30.0,6.0,1080.0,2400.0,90.0,128.0
327,Xiaomi,17999,81.0,Snapdragon,6.0,33.0,6.0,1080.0,2400.0,120.0,128.0
328,Samsung,105999,,Exynos,12.0,25.0,6.0,1440.0,3200.0,120.0,256.0
329,Infinix,8999,67.0,Helio,4.0,18.0,6.0,720.0,1640.0,90.0,64.0
330,Vivo,14999,77.0,Snapdragon,6.0,18.0,6.0,1080.0,2408.0,90.0,128.0
331,OPPO,19990,82.0,Snapdragon,8.0,33.0,6.0,1080.0,2400.0,90.0,128.0
332,iQOO,23399,80.0,Snapdragon,8.0,66.0,6.0,1080.0,2404.0,90.0,128.0
333,Samsung,41990,,Snapdragon,8.0,25.0,6.0,1080.0,2400.0,120.0,256.0
334,Realme,22998,82.0,Snapdragon,8.0,30.0,6.0,1080.0,2412.0,144.0,128.0
335,Poco,25999,82.0,Snapdragon,6.0,67.0,6.0,1080.0,2400.0,120.0,128.0
336,Infinix,11700,74.0,Helio,4.0,33.0,6.0,2400.0,1080.0,,64.0
337,Samsung,6499,,Unisoc,2.0,,6.0,720.0,1600.0,,32.0
338,Motorola,15999,84.0,Snapdragon,6.0,20.0,6.0,1080.0,2460.0,120.0,128.0
339,OnePlus,64800,89.0,Snapdragon,8.0,65.0,6.0,1440.0,3216.0,120.0,128.0
340,Xiaomi,14590,80.0,Helio,6.0,33.0,6.0,1080.0,2400.0,90.0,64.0
341,Xiaomi,7499,68.0,Helio,4.0,,6.0,720.0,1600.0,,64.0
342,Tecno,21999,82.0,Dimensity,8.0,33.0,6.0,1080.0,2460.0,120.0,128.0
343,Samsung,11999,71.0,Helio,4.0,,6.0,720.0,1600.0,,64.0
344,POCO,12999,79.0,Helio,6.0,33.0,6.0,1080.0,2400.0,90.0,128.0
345,OnePlus,20990,81.0,Snapdragon,6.0,33.0,6.0,1080.0,2400.0,,128.0
346,Apple,72999,79.0,Bionic,4.0,,6.0,1170.0,2532.0,,256.0
347,Oppo,77990,,Snapdragon,12.0,120.0,6.0,1080.0,2400.0,120.0,256.0
348,Vivo,56999,,Dimensity,8.0,120.0,6.0,1260.0,2800.0,120.0,256.0
349,Motorola,21999,79.0,Snapdragon,4.0,10.0,6.0,720.0,1600.0,120.0,128.0
350,Motorola,9499,75.0,Helio,4.0,20.0,6.0,720.0,1600.0,90.0,64.0
351,Xiaomi,7499,66.0,Helio,4.0,10.0,6.0,720.0,1600.0,,64.0
352,Jio,4649,,Qualcomm,2.0,,5.0,720.0,1440.0,,32.0
353,Vivo,18000,62.0,Helio,4.0,,6.0,1520.0,720.0,,32.0
354,Xiaomi,38999,85.0,Snapdragon,8.0,120.0,6.0,1440.0,3200.0,120.0,128.0
355,Realme,7145,,Unisoc,2.0,10.0,6.0,720.0,1600.0,,32.0
356,Vivo,14990,77.0,Snapdragon,8.0,18.0,6.0,1612.0,720.0,90.0,128.0
357,OPPO,15499,70.0,Helio,4.0,33.0,6.0,720.0,1600.0,,64.0
358,Xiaomi,9999,69.0,Helio,6.0,,6.0,720.0,1600.0,,128.0
359,Poco,29999,86.0,Snapdragon,12.0,67.0,6.0,1080.0,2400.0,120.0,256.0
360,Realme,15999,84.0,Snapdragon,8.0,33.0,6.0,1080.0,2400.0,90.0,128.0
361,Xiaomi,59990,89.0,Snapdragon,8.0,120.0,6.0,1220.0,2712.0,120.0,128.0
362,iQOO,34990,84.0,Snapdragon,8.0,120.0,6.0,1080.0,2376.0,120.0,128.0
363,Apple,45999,75.0,Bionic,4.0,4.0,,,,,128.0
364,Samsung,119990,85.0,Snapdragon,12.0,45.0,6.0,1200.0,2860.0,144.0,256.0
365,OPPO,89990,88.0,Dimensity,8.0,44.0,6.0,1200.0,2400.0,120.0,128.0
366,OnePlus,50999,87.0,Snapdragon,12.0,150.0,6.0,1080.0,2412.0,120.0,256.0
367,Tecno,7999,65.0,Helio,4.0,,6.0,720.0,1600.0,90.0,64.0
368,Samsung,43999,88.0,Exynos,8.0,25.0,6.0,1080.0,2340.0,120.0,256.0
369,Xiaomi,18499,83.0,Dimensity,8.0,33.0,6.0,1080.0,2400.0,90.0,128.0
370,Sony,134999,,Snapdragon,12.0,30.0,6.0,1644.0,3840.0,120.0,512.0
371,Vivo,32999,85.0,Snapdragon,8.0,33.0,6.0,1080.0,2400.0,,128.0
372,Poco,13499,80.0,Snapdragon,6.0,33.0,6.0,1080.0,2400.0,120.0,64.0
373,Samsung,35489,86.0,Exynos,8.0,25.0,6.0,1080.0,2400.0,120.0,128.0
374,Google,20120,78.0,Snapdragon,6.0,,5.0,1080.0,2280.0,,64.0
375,Samsung,42999,81.0,Exynos,8.0,15.0,6.0,1440.0,3040.0,,128.0
376,Nokia,4649,,No,107.0,128.0,,,,,
377,Realme,24999,78.0,Dimensity,6.0,66.0,6.0,1080.0,2400.0,90.0,128.0
378,OPPO,20999,82.0,Snapdragon,8.0,33.0,6.0,1080.0,2400.0,90.0,128.0
379,Realme,28994,84.0,Snapdragon,8.0,65.0,6.0,1080.0,2400.0,120.0,128.0
380,Samsung,48900,88.0,Exynos,8.0,25.0,6.0,1080.0,2400.0,120.0,128.0
381,Samsung,22494,86.0,Snapdragon,8.0,25.0,6.0,1080.0,2400.0,,128.0
382,Vivo,8990,61.0,Helio,3.0,10.0,6.0,720.0,1600.0,,32.0
383,Letv,6999,,"Unisoc,",4.0,,6.0,720.0,1560.0,,32.0
384,Tecno,8890,63.0,Unisoc,4.0,,6.0,720.0,1612.0,90.0,64.0
385,iQOO,18498,82.0,Snapdragon,8.0,18.0,6.0,1080.0,2408.0,120.0,128.0
386,Vivo,23999,81.0,Snapdragon,6.0,66.0,6.0,1080.0,2404.0,90.0,128.0
387,Realme,22994,81.0,Dimensity,8.0,60.0,6.0,1080.0,2400.0,90.0,128.0
388,Samsung,12990,71.0,Exynos,4.0,15.0,6.0,720.0,1600.0,90.0,64.0
389,Realme,14999,78.0,Snapdragon,6.0,33.0,6.0,1080.0,2412.0,90.0,128.0
390,Realme,18499,80.0,Dimensity,8.0,18.0,6.0,1080.0,2400.0,90.0,128.0
391,OPPO,14990,78.0,Snapdragon,6.0,33.0,6.0,1080.0,2400.0,,128.0
392,OPPO,70990,88.0,Dimensity,8.0,44.0,6.0,1080.0,2520.0,120.0,256.0
393,Samsung,12120,75.0,Helio,4.0,15.0,6.0,1080.0,2400.0,90.0,64.0
394,Oukitel,29990,84.0,Helio,8.0,33.0,6.0,1080.0,2400.0,,256.0
395,Realme,20999,82.0,Snapdragon,8.0,33.0,6.0,1080.0,2412.0,120.0,128.0
396,Xiaomi,11999,80.0,Snapdragon,6.0,18.0,6.0,1080.0,2400.0,,128.0
397,Samsung,17990,73.0,Dimensity,4.0,15.0,6.0,720.0,1600.0,90.0,64.0
398,Xiaomi,14990,77.0,Dimensity,4.0,33.0,6.0,1080.0,2400.0,90.0,128.0
399,itel,6490,,Spreadtrum,1.0,,6.0,1600.0,720.0,,16.0
400,Jio,2999,,Dual,512.0,,2.0,320.0,240.0,,4.0
401,Realme,34999,83.0,Snapdragon,8.0,240.0,6.0,1080.0,2412.0,120.0,128.0
402,Apple,149900,79.0,Bionic,8.0,,6.0,1290.0,2796.0,120.0,128.0
403,Poco,6499,,Helio,2.0,10.0,6.0,720.0,1600.0,,32.0
404,Samsung,104999,,Snapdragon,12.0,67.0,6.0,1440.0,3214.0,120.0,256.0
405,Realme,13999,75.0,Snapdragon,4.0,33.0,6.0,1080.0,2412.0,90.0,128.0
406,Xiaomi,16999,79.0,Dimensity,6.0,33.0,6.0,1080.0,2400.0,90.0,64.0
407,Vivo,79999,,Snapdragon,12.0,80.0,6.0,1440.0,3200.0,120.0,256.0
408,OPPO,36760,87.0,Dimensity,12.0,65.0,6.0,1080.0,2400.0,90.0,256.0
409,Xiaomi,23499,81.0,Dimensity,6.0,67.0,6.0,2400.0,1080.0,120.0,128.0
410,Asus,75990,87.0,Snapdragon,18.0,120.0,6.0,1080.0,2448.0,165.0,256.0
411,Oppo,21990,76.0,Snapdragon,6.0,33.0,6.0,720.0,1600.0,90.0,128.0
412,Realme,18999,80.0,Snapdragon,6.0,30.0,6.0,1080.0,2412.0,144.0,128.0
413,Samsung,7249,66.0,Unisoc,3.0,15.0,6.0,720.0,1560.0,,32.0
414,OnePlus,16990,75.0,Snapdragon,4.0,18.0,6.0,1080.0,2400.0,90.0,64.0
415,Xiaomi,23890,80.0,Snapdragon,6.0,33.0,6.0,1080.0,2400.0,120.0,128.0
416,OPPO,26380,83.0,Dimensity,8.0,65.0,6.0,1080.0,2400.0,90.0,128.0
417,Realme,27999,87.0,Snapdragon,12.0,65.0,6.0,1080.0,2400.0,90.0,256.0
418,Xiaomi,10850,70.0,Helio,6.0,,6.0,720.0,1600.0,,128.0
419,Redmi,19999,81.0,Snapdragon,6.0,67.0,6.0,1080.0,2400.0,120.0,128.0
420,Apple,129990,76.0,Bionic,6.0,,6.0,1179.0,2556.0,120.0,256.0
421,Motorola,19990,81.0,Snapdragon,6.0,33.0,6.0,1080.0,2400.0,120.0,128.0
422,Motorola,41990,,Snapdragon,8.0,125.0,6.0,1080.0,2400.0,144.0,128.0
423,Xiaomi,69990,,Snapdragon,8.0,67.0,6.0,1440.0,3200.0,120.0,256.0
424,Honor,39990,88.0,Snapdragon,12.0,66.0,6.0,1080.0,2400.0,120.0,512.0
425,OnePlus,74999,,Snapdragon,12.0,80.0,6.0,1440.0,3216.0,120.0,512.0
426,Vivo,36994,87.0,Dimensity,12.0,44.0,6.0,1080.0,2376.0,90.0,256.0
427,OPPO,14700,76.0,Helio,6.0,18.0,6.0,720.0,1600.0,,128.0
428,Xiaomi,34990,86.0,Snapdragon,8.0,120.0,6.0,1080.0,2400.0,120.0,128.0
429,Nokia,34999,76.0,Snapdragon,6.0,33.0,6.0,1080.0,2400.0,,64.0
430,Xiaomi,13990,75.0,Snapdragon,4.0,33.0,6.0,1080.0,2400.0,,64.0
431,Vertu,650000,62.0,Snapdragon,2.0,,4.0,1080.0,1920.0,,64.0
432,Samsung,14859,79.0,Helio,6.0,15.0,6.0,1080.0,2400.0,90.0,128.0
433,Tecno,17999,84.0,Helio,8.0,33.0,6.0,1080.0,2460.0,120.0,128.0
434,Poco,34990,85.0,Snapdragon,8.0,67.0,6.0,1080.0,2400.0,120.0,128.0
435,BLU,14990,85.0,Dimensity,8.0,,6.0,1080.0,2460.0,,128.0
436,OPPO,8999,65.0,Helio,3.0,,6.0,720.0,1600.0,,32.0
437,Motorola,8999,71.0,Helio,4.0,10.0,6.0,720.0,1600.0,90.0,64.0
438,Xiaomi,15824,84.0,Helio,8.0,33.0,6.0,1080.0,2400.0,90.0,128.0
439,Apple,43900,,Bionic,64.0,7.0,,,,,
440,Samsung,22494,86.0,Snapdragon,8.0,25.0,6.0,1080.0,2400.0,90.0,128.0
441,Poco,19650,82.0,Snapdragon,6.0,33.0,6.0,1080.0,2400.0,120.0,128.0
442,Xiaomi,6999,61.0,Helio,2.0,,6.0,720.0,1600.0,,32.0
443,Samsung,16499,80.0,Helio,6.0,15.0,6.0,1080.0,2400.0,90.0,128.0
444,Motorola,15999,75.0,Helio,4.0,10.0,6.0,720.0,1600.0,90.0,128.0
445,Asus,72999,88.0,Dimensity,16.0,65.0,6.0,1080.0,2448.0,165.0,256.0
446,Xiaomi,26999,84.0,Dimensity,6.0,120.0,6.0,1080.0,2400.0,120.0,128.0
447,Infinix,6999,,Helio,2.0,,6.0,720.0,1600.0,,32.0
448,Apple,130990,75.0,Bionic,8.0,6.0,,,,,128.0
449,Realme,12787,71.0,Tiger,4.0,18.0,6.0,1080.0,2408.0,90.0,128.0
450,Infinix,9999,72.0,Helio,4.0,18.0,6.0,720.0,1640.0,90.0,64.0
451,Vivo,54999,86.0,Dimensity,8.0,80.0,6.0,1080.0,2400.0,120.0,128.0
452,Vivo,15490,79.0,Helio,8.0,19.0,6.0,1080.0,2408.0,,128.0
453,Tecno,25999,84.0,Helio,8.0,33.0,6.0,1080.0,2340.0,90.0,256.0
454,Samsung,9499,68.0,Helio,4.0,15.0,6.0,720.0,1600.0,,128.0
455,Redmi,7999,70.0,Helio,4.0,,6.0,720.0,1650.0,,64.0
456,Asus,63990,86.0,Snapdragon,8.0,30.0,5.0,1080.0,2400.0,120.0,128.0
457,Sony,15990,73.0,Helio,4.0,,6.0,720.0,1680.0,,64.0
458,iQOO,34949,85.0,Snapdragon,12.0,66.0,6.0,1080.0,2400.0,120.0,256.0
459,Tecno,8799,72.0,Helio,4.0,33.0,6.0,1080.0,2460.0,,64.0
460,Xiaomi,12390,74.0,Helio,4.0,18.0,6.0,1080.0,2400.0,90.0,64.0
461,Samsung,11499,73.0,Helio,4.0,,6.0,720.0,1600.0,90.0,64.0
462,Xiaomi,199990,,Snapdragon,12.0,40.0,7.0,2088.0,2250.0,,512.0
463,OPPO,42990,86.0,Dimensity,16.0,120.0,6.0,1080.0,2412.0,120.0,256.0
464,Nubia,34999,82.0,Snapdragon,8.0,80.0,6.0,1080.0,2400.0,144.0,128.0
465,Samsung,11999,75.0,Exynos,4.0,15.0,6.0,2408.0,1080.0,,128.0
466,Nokia,10499,70.0,Unisoc,4.0,10.0,6.0,720.0,1600.0,90.0,64.0
467,Infinix,8910,66.0,Tiger,4.0,18.0,6.0,1640.0,720.0,90.0,64.0
468,Vivo,24990,85.0,Snapdragon,8.0,80.0,6.0,1080.0,2400.0,120.0,128.0
469,OPPO,17999,84.0,Snapdragon,8.0,33.0,6.0,1080.0,2400.0,,128.0
470,Xiaomi,22999,86.0,Snapdragon,8.0,33.0,6.0,1080.0,2400.0,90.0,128.0
471,Realme,6490,,Unisoc,2.0,,6.0,720.0,1600.0,,32.0
472,Infinix,21990,85.0,Helio,8.0,45.0,6.0,1080.0,2400.0,120.0,128.0
473,Nokia,1762,,No,128.0,,1.0,120.0,160.0,,48.0
474,Samsung,12364,76.0,Helio,4.0,15.0,6.0,1080.0,2400.0,90.0,64.0
475,Samsung,39990,86.0,Snapdragon,6.0,25.0,6.0,1440.0,3200.0,120.0,128.0
476,Xiaomi,11999,77.0,Snapdragon,6.0,,6.0,1080.0,2246.0,,64.0
477,Vivo,7499,,Helio,1.0,,4.0,480.0,854.0,,16.0
478,Lyf,3990,60.0,Snapdragon,3.0,,5.0,1080.0,1920.0,,32.0
479,Motorola,10499,65.0,Tiger,2.0,10.0,6.0,720.0,1600.0,,64.0
480,Tecno,6299,,Helio,2.0,,6.0,720.0,1600.0,,32.0
481,Itel,5990,,Unisoc,2.0,,,854.0,480.0,,32.0
482,Vivo,113990,,Snapdragon,12.0,80.0,8.0,1916.0,2160.0,120.0,256.0
483,Huawei,239999,81.0,Snapdragon,512.0,66.0,6.0,1212.0,2616.0,120.0,
484,Samsung,21999,84.0,Dimensity,6.0,33.0,6.0,1080.0,2400.0,,128.0
485,iQOO,15999,80.0,Snapdragon,6.0,44.0,6.0,1080.0,2400.0,120.0,128.0
486,Nokia,6899,,Snapdragon,512.0,,2.0,240.0,320.0,,4.0
487,Sony,69990,86.0,Snapdragon,8.0,21.0,6.0,1080.0,2520.0,120.0,128.0
488,Vivo,12990,71.0,Helio,4.0,,6.0,720.0,1544.0,,128.0
489,Sony,92980,,Snapdragon,12.0,30.0,6.0,1644.0,3840.0,120.0,512.0
490,Tecno,15999,74.0,Helio,8.0,45.0,6.0,720.0,1600.0,90.0,256.0
491,Huawei,23999,84.0,Sanpdragon,8.0,66.0,6.0,1080.0,2160.0,90.0,256.0
492,Vivo,12999,75.0,Snapdragon,4.0,18.0,6.0,1080.0,2408.0,90.0,128.0
493,Nubia,60990,86.0,Snapdragon,12.0,135.0,6.0,1080.0,2400.0,120.0,256.0
494,Motorola,8859,67.0,Helio,4.0,18.0,6.0,720.0,1600.0,90.0,64.0
495,iQOO,33749,84.0,Snapdragon,12.0,80.0,6.0,1080.0,2400.0,120.0,256.0
496,Samsung,15990,63.0,Octa,6.0,,6.0,720.0,1600.0,,64.0
497,POCO,24990,84.0,Dimensity,8.0,67.0,6.0,1080.0,2460.0,144.0,128.0
498,Realme,14999,76.0,Dimensity,4.0,33.0,6.0,1080.0,2400.0,90.0,128.0
499,Vivo,17990,76.0,Dimensity,6.0,80.0,6.0,1080.0,2388.0,120.0,128.0
500,Honor,24990,75.0,Dimensity,8.0,66.0,6.0,1080.0,2340.0,120.0,128.0
501,Xiaomi,11600,74.0,Helio,4.0,18.0,6.0,1080.0,2400.0,90.0,64.0
502,Realme,8299,62.0,Tiger,3.0,,6.0,720.0,1600.0,,32.0
503,Motorola,11999,78.0,Helio,6.0,20.0,6.0,1080.0,2400.0,,128.0
504,Samsung,89999,88.0,Snapdragon,8.0,25.0,6.0,1080.0,2640.0,120.0,128.0
505,OnePlus,27999,77.0,Snapdragon,8.0,,6.0,1080.0,2280.0,,128.0
506,Google,15990,69.0,Snapdragon,4.0,,,1440.0,2880.0,,128.0
507,Xiaomi,7289,60.0,Helio,2.0,10.0,6.0,720.0,1600.0,,32.0
508,Honor,30990,86.0,Snapdragon,8.0,66.0,6.0,1080.0,2400.0,120.0,256.0
509,Realme,15499,77.0,Helio,6.0,33.0,6.0,1080.0,2412.0,120.0,128.0
510,Vivo,8499,66.0,Helio,3.0,,6.0,720.0,1600.0,,32.0
511,Samsung,14490,80.0,Helio,6.0,15.0,6.0,1080.0,2400.0,90.0,128.0
512,Samsung,15490,80.0,Dimensity,6.0,15.0,6.0,1080.0,2408.0,90.0,128.0
513,Realme,14990,78.0,Snapdragon,6.0,60.0,6.0,1080.0,2412.0,120.0,128.0
514,POCO,15999,75.0,Dimensity,4.0,18.0,6.0,1080.0,2400.0,90.0,64.0
515,Google,36000,82.0,Snapdragon,8.0,18.0,,1080.0,2340.0,90.0,128.0
516,OnePlus,69999,,Snapdragon,12.0,150.0,6.0,1440.0,3412.0,144.0,256.0
517,Xiaomi,26990,86.0,Dimensity,8.0,210.0,6.0,1080.0,2400.0,120.0,256.0
518,Samsung,10630,71.0,Exynos,4.0,15.0,6.0,1080.0,2400.0,,64.0
519,Oppo,42990,85.0,Dimensity,8.0,80.0,6.0,1080.0,2412.0,120.0,256.0
520,Vivo,24990,77.0,Dimensity,8.0,,6.0,1080.0,2400.0,90.0,128.0
521,iQOO,14489,77.0,Snapdragon,4.0,44.0,6.0,1080.0,2400.0,120.0,128.0
522,OPPO,16490,73.0,Snapdragon,6.0,33.0,6.0,720.0,1612.0,90.0,128.0
523,Realme,24494,82.0,Dimensity,8.0,60.0,6.0,1080.0,2400.0,90.0,256.0
524,Vivo,7999,61.0,Helio,2.0,,6.0,720.0,1600.0,,32.0
525,Motorola,23990,85.0,Snapdragon,6.0,33.0,6.0,1080.0,2460.0,144.0,128.0
526,Realme,49959,89.0,Snapdragon,8.0,65.0,6.0,1440.0,3216.0,120.0,128.0
527,Apple,129900,83.0,Bionic,6.0,,6.0,1170.0,2532.0,120.0,256.0
528,Vivo,19990,80.0,Helio,8.0,33.0,6.0,1080.0,2400.0,,128.0
529,Samsung,14990,67.0,Octa,4.0,25.0,6.0,2408.0,1080.0,,64.0
530,Vivo,23269,85.0,Snapdragon,8.0,33.0,6.0,1080.0,2400.0,,128.0
531,Xiaomi,13999,75.0,Snapdragon,4.0,18.0,6.0,1080.0,2400.0,,64.0
532,Samsung,1949,,No,208.0,,,128.0,160.0,,
533,Itel,2799,,1,64.0,,2.0,320.0,240.0,,128.0
534,OnePlus,35389,85.0,Dimensity,8.0,80.0,6.0,1080.0,2412.0,120.0,128.0
535,Google,79700,,Google,12.0,30.0,6.0,1440.0,3120.0,120.0,256.0
536,Nokia,9499,62.0,Unisoc,3.0,10.0,6.0,720.0,1600.0,,32.0
537,Infinix,12340,76.0,Tiger,8.0,18.0,6.0,720.0,1612.0,90.0,128.0
538,Poco,10799,74.0,Helio,4.0,18.0,6.0,1080.0,2400.0,90.0,64.0
539,Xiaomi,14990,73.0,Snapdragon,4.0,18.0,6.0,720.0,1600.0,,128.0
540,ZTE,61990,89.0,Snapdragon,8.0,65.0,6.0,1116.0,2480.0,120.0,128.0
541,Xiaomi,51880,,Snapdragon,12.0,120.0,6.0,1440.0,3200.0,120.0,256.0
542,OPPO,16990,80.0,Snapdragon,8.0,33.0,6.0,1080.0,2412.0,90.0,128.0
543,Huawei,19990,84.0,Snapdragon,8.0,66.0,6.0,1080.0,2388.0,90.0,128.0
544,Samsung,57999,87.0,Snapdragon,8.0,25.0,6.0,1080.0,2340.0,120.0,256.0
545,Lenovo,46990,87.0,Snapdragon,12.0,68.0,6.0,1080.0,2460.0,144.0,256.0
546,Vivo,20990,77.0,Dimensity,4.0,18.0,6.0,1080.0,2408.0,,128.0
547,Nokia,17990,82.0,Snapdragon,6.0,18.0,6.0,1080.0,2400.0,,128.0
548,Realme,17499,82.0,Dimensity,8.0,33.0,6.0,1080.0,2400.0,90.0,128.0
549,Realme,17999,80.0,Dimensity,6.0,33.0,6.0,1080.0,2400.0,90.0,128.0
550,Nokia,49990,,Snapdragon,8.0,44.0,6.0,1080.0,2408.0,144.0,128.0
551,itel,2399,,No,117.0,128.0,,,,,
552,Poco,14999,74.0,Snapdragon,4.0,33.0,6.0,1080.0,2400.0,120.0,128.0
553,Xiaomi,19980,82.0,Snapdragon,6.0,33.0,6.0,1080.0,2400.0,120.0,128.0
554,iQOO,35990,85.0,Snapdragon,12.0,66.0,6.0,1080.0,2400.0,120.0,256.0
555,Realme,15999,78.0,Helio,4.0,30.0,6.0,1080.0,2400.0,,128.0
556,Samsung,41999,88.0,Exynos,8.0,25.0,6.0,1440.0,3200.0,120.0,128.0
557,Xiaomi,25999,83.0,Dimensity,8.0,67.0,6.0,1440.0,3200.0,120.0,128.0
558,Motorola,7990,65.0,Helio,3.0,18.0,6.0,720.0,1600.0,90.0,32.0
559,OnePlus,29990,84.0,Dimensity,8.0,80.0,6.0,1080.0,2400.0,90.0,128.0
560,OPPO,27990,83.0,Snapdragon,8.0,65.0,6.0,1080.0,2460.0,90.0,128.0
561,Poco,29999,84.0,Snapdragon,8.0,67.0,6.0,1440.0,3200.0,120.0,128.0
562,OPPO,8999,68.0,Helio,4.0,,6.0,720.0,1600.0,,64.0
563,POCO,13999,81.0,Helio,8.0,33.0,6.0,1080.0,2400.0,90.0,128.0
564,Realme,11499,71.0,Helio,4.0,18.0,6.0,720.0,1600.0,,64.0
565,Asus,39999,87.0,Snapdragon,8.0,65.0,6.0,1080.0,2448.0,144.0,128.0
566,Realme,27999,84.0,Snapdragon,8.0,65.0,6.0,1080.0,2400.0,120.0,128.0
567,Samsung,24499,79.0,Dimensity,6.0,15.0,6.0,720.0,1600.0,90.0,128.0
568,Nubia,60999,86.0,Snapdragon,12.0,165.0,6.0,1116.0,2480.0,120.0,256.0
569,Samsung,110999,89.0,Snapdragon,12.0,25.0,7.0,1768.0,2208.0,120.0,256.0
570,LG,54999,89.0,Snapdragon,8.0,,6.0,1080.0,2460.0,,128.0
571,Xiaomi,16490,80.0,Snapdragon,6.0,33.0,6.0,1080.0,2400.0,,64.0
572,Samsung,24990,83.0,Snapdragon,6.0,25.0,6.0,1080.0,2400.0,90.0,128.0
573,Nokia,1299,,No,4.0,,1.0,120.0,160.0,,4.0
574,Vivo,25000,,Snapdragon,3.0,,,720.0,1440.0,,16.0
575,Lyf,1999,,Snapdragon,1.0,,4.0,480.0,854.0,,8.0
576,Samsung,9950,66.0,Helio,3.0,,6.0,720.0,1600.0,,64.0
577,Oppo,12999,75.0,Dimensity,8.0,,6.0,720.0,1612.0,,128.0
578,Oppo,19999,83.0,Helio,8.0,66.0,6.0,1080.0,2400.0,120.0,256.0
579,OPPO,32999,84.0,Snapdragon,8.0,120.0,6.0,1080.0,2412.0,120.0,256.0
580,Nokia,28498,81.0,Snapdragon,6.0,20.0,6.0,1080.0,2400.0,120.0,128.0
581,OPPO,15998,71.0,Helio,4.0,33.0,6.0,720.0,1600.0,,128.0
582,Nokia,3749,,No,107.0,128.0,,,,,
583,Motorola,59990,89.0,Snapdragon,8.0,125.0,6.0,1080.0,2460.0,165.0,128.0
584,Oppo,16990,78.0,Snapdragon,6.0,67.0,6.0,1080.0,2412.0,120.0,128.0
585,iQOO,27999,82.0,Snapdragon,12.0,66.0,6.0,1080.0,2404.0,90.0,256.0
586,Nokia,13499,75.0,Unisoc,6.0,18.0,6.0,720.0,1600.0,90.0,128.0
587,Samsung,16499,78.0,Octa,6.0,25.0,6.0,1080.0,2408.0,,128.0
588,OPPO,10999,66.0,Helio,4.0,,6.0,720.0,1600.0,,64.0
589,Xiaomi,13990,71.0,Snapdragon,4.0,18.0,6.0,720.0,1600.0,,64.0
590,Tecno,9999,74.0,Helio,4.0,18.0,6.0,1080.0,2460.0,90.0,64.0
591,Realme,31994,83.0,Dimensity,8.0,80.0,6.0,1080.0,2412.0,120.0,128.0
592,Xiaomi,24820,83.0,Dimensity,6.0,120.0,6.0,2400.0,1080.0,120.0,128.0
593,iQOO,22990,83.0,Snapdragon,8.0,80.0,6.0,1080.0,2400.0,120.0,128.0
594,iQOO,59990,88.0,Snapdragon,8.0,120.0,6.0,1440.0,3200.0,120.0,256.0
595,Realme,8999,62.0,Unisoc,4.0,,6.0,720.0,1600.0,,64.0
596,Xiaomi,10499,72.0,Helio,6.0,,6.0,720.0,1600.0,,128.0
597,Jio,7499,,Qualcomm,3.0,,5.0,720.0,1440.0,,32.0
598,Xiaomi,9990,75.0,Helio,4.0,18.0,6.0,1080.0,2340.0,,64.0
599,Xiaomi,12490,76.0,Dimensity,4.0,18.0,6.0,1080.0,2400.0,90.0,128.0
600,Vivo,13990,69.0,Helio,4.0,18.0,6.0,720.0,1600.0,,64.0
601,Samsung,17990,79.0,Dimensity,6.0,15.0,6.0,1080.0,2408.0,90.0,128.0
602,Vivo,24999,83.0,Dimensity,8.0,33.0,6.0,1080.0,2400.0,90.0,128.0
603,Realme,21999,85.0,Snapdragon,8.0,65.0,6.0,1080.0,2400.0,,128.0
604,OnePlus,19999,77.0,Snapdragon,8.0,30.0,6.0,1080.0,2400.0,90.0,128.0
605,Samsung,99999,,Exynos,12.0,45.0,6.0,1440.0,3200.0,,128.0
606,Apple,109900,77.0,A13,4.0,18.0,6.0,1242.0,2688.0,,64.0
607,Apple,52990,,Fusion,3.0,,4.0,750.0,1334.0,,32.0
608,Namotel,99,,1,1325.0,720.0,,,,,
609,Sony,19990,80.0,Snapdragon,8.0,33.0,6.0,1080.0,2400.0,120.0,128.0
610,Samsung,11499,69.0,Helio,4.0,,6.0,720.0,1600.0,,128.0
611,Eunity,699,,No,500.0,32.0,,,,,
612,Xiaomi,13999,75.0,Helio,4.0,33.0,6.0,1080.0,2400.0,120.0,64.0
613,Oukitel,22990,82.0,Helio,12.0,66.0,6.0,1080.0,2400.0,120.0,256.0
614,Vivo,28990,84.0,Snapdragon,8.0,80.0,6.0,1080.0,2400.0,120.0,256.0
615,Poco,27999,85.0,Snapdragon,8.0,67.0,6.0,1080.0,2400.0,120.0,128.0
616,Xiaomi,19990,82.0,Dimensity,6.0,67.0,6.0,1080.0,2460.0,144.0,128.0
617,Realme,22999,83.0,Dimensity,8.0,33.0,6.0,1080.0,2400.0,90.0,128.0
618,Vivo,17999,82.0,Snapdragon,8.0,44.0,6.0,1080.0,2408.0,,128.0
619,Xiaomi,15499,81.0,Helio,6.0,33.0,6.0,1080.0,2400.0,90.0,128.0
620,Lava,17990,84.0,Dimensity,8.0,30.0,6.0,1080.0,2460.0,90.0,128.0
621,Realme,13999,77.0,Helio,6.0,18.0,6.0,1080.0,2412.0,120.0,128.0
622,OPPO,13499,73.0,Helio,4.0,18.0,6.0,720.0,1600.0,,64.0
623,POCO,14799,79.0,Dimensity,6.0,18.0,6.0,1080.0,2400.0,90.0,128.0
624,Realme,6999,62.0,Unisoc,3.0,,6.0,720.0,1600.0,,32.0
625,OPPO,11999,69.0,Helio,4.0,,6.0,720.0,1600.0,,64.0
626,Vivo,23994,85.0,Dimensity,8.0,33.0,6.0,1080.0,2400.0,90.0,128.0
627,Nokia,3589,,Unisoc,64.0,,2.0,240.0,320.0,,128.0
628,Apple,139900,80.0,Bionic,6.0,1.0,,,,,512.0
629,Sony,69999,89.0,Snapdragon,8.0,21.0,6.0,1644.0,3840.0,,256.0
630,Motorola,57999,89.0,Snapdragon,12.0,18.0,6.0,1080.0,2340.0,90.0,256.0
631,Samsung,86000,87.0,Exynos,8.0,25.0,6.0,1080.0,2400.0,,256.0
632,Samsung,11999,71.0,Helio,4.0,15.0,6.0,720.0,1560.0,,64.0
633,Xiaomi,14999,77.0,Snapdragon,6.0,67.0,6.0,1080.0,2400.0,120.0,128.0
634,Realme,26499,81.0,Snapdragon,8.0,80.0,6.0,1080.0,2400.0,120.0,128.0
635,Realme,8990,62.0,Unisoc,4.0,10.0,6.0,720.0,1600.0,,64.0
636,Apple,95999,82.0,Bionic,6.0,,6.0,1170.0,2532.0,,512.0
637,iQOO,47990,85.0,Snapdragon,8.0,120.0,6.0,1080.0,2400.0,120.0,128.0
638,Tecno,17990,81.0,Helio,8.0,33.0,6.0,1080.0,2460.0,120.0,128.0
639,OnePlus,22999,83.0,Snapdragon,8.0,33.0,6.0,1080.0,2412.0,120.0,128.0
640,Nokia,1299,,4,800.0,77.0,,,,,
641,Samsung,99990,,Snapdragon,8.0,45.0,6.0,1440.0,3080.0,120.0,128.0
642,POCO,39999,86.0,Snapdragon,8.0,120.0,6.0,1080.0,2400.0,120.0,128.0
643,Xiaomi,38999,88.0,Snapdragon,12.0,120.0,6.0,1080.0,2400.0,120.0,256.0
644,Vivo,12490,63.0,Helio,4.0,,6.0,720.0,1600.0,,128.0
645,Nokia,5490,,1450,3.0,5.0,,,,,6.0
646,Samsung,39990,86.0,Snapdragon,6.0,25.0,6.0,1440.0,3200.0,120.0,128.0
647,Motorola,1339,,4,1750.0,8.0,,,,,
648,Vivo,16685,80.0,Helio,8.0,18.0,6.0,1080.0,2408.0,,128.0
649,Huawei,69990,,Kirin,8.0,66.0,6.0,1344.0,2772.0,90.0,128.0
650,Micromax,6999,66.0,Unisoc,4.0,,6.0,720.0,1600.0,,64.0
651,Asus,71999,86.0,Snapdragon,12.0,65.0,6.0,1080.0,2448.0,165.0,256.0
652,Realme,26999,84.0,Dimensity,8.0,50.0,6.0,1080.0,2400.0,120.0,128.0
653,Realme,16499,75.0,Dimensity,4.0,18.0,6.0,1080.0,2400.0,90.0,128.0
654,OPPO,17990,74.0,Dimensity,6.0,,6.0,720.0,1600.0,,128.0
655,Xiaomi,8999,68.0,Helio,4.0,,6.0,720.0,1600.0,,64.0
656,Apple,39900,63.0,A13,3.0,18.0,4.0,750.0,1334.0,,64.0
657,Zanco,2799,,32,200.0,49.0,,,,,
658,Letv,5999,60.0,Tiger,6.0,10.0,6.0,720.0,1560.0,,64.0
659,OnePlus,34999,76.0,Dimensity,8.0,120.0,6.0,1080.0,2400.0,120.0,128.0
660,Vivo,16990,77.0,Dimensity,8.0,44.0,6.0,1080.0,2408.0,,128.0
661,OPPO,22990,84.0,Snapdragon,8.0,33.0,6.0,1080.0,2400.0,120.0,128.0
662,Vivo,19990,84.0,Helio,8.0,44.0,6.0,1080.0,2400.0,90.0,256.0
663,Infinix,10850,74.0,Tiger,6.0,18.0,6.0,720.0,1612.0,90.0,64.0
664,Realme,13499,75.0,Dimensity,4.0,33.0,6.0,1080.0,2400.0,90.0,64.0
665,itel,958,,4,1200.0,8.0,,,,,
666,itel,6699,61.0,Unisoc,3.0,18.0,6.0,1612.0,720.0,,64.0
667,OPPO,17999,80.0,Snapdragon,8.0,33.0,6.0,1080.0,2412.0,90.0,128.0
668,Xiaomi,13990,69.0,Dimensity,4.0,18.0,6.0,1080.0,2408.0,90.0,128.0
669,Honor,94990,,Snapdragon,12.0,120.0,6.0,1344.0,2772.0,120.0,512.0
670,Tecno,8968,72.0,Helio,4.0,18.0,6.0,1080.0,2408.0,,64.0
671,Infinix,7320,60.0,Helio,2.0,,6.0,720.0,1600.0,,64.0
672,Realme,8999,69.0,Tiger,4.0,18.0,6.0,1600.0,720.0,,64.0
673,Samsung,13999,75.0,Helio,6.0,15.0,6.0,720.0,1560.0,,128.0
674,Tecno,14746,79.0,Helio,6.0,18.0,6.0,1080.0,2460.0,,128.0
675,Xiaomi,16999,83.0,Dimensity,6.0,67.0,6.0,1080.0,2400.0,120.0,128.0
676,Xiaomi,25990,83.0,Snapdragon,8.0,33.0,6.0,1080.0,2400.0,120.0,128.0
677,Xiaomi,16499,78.0,Snapdragon,6.0,33.0,6.0,1080.0,2400.0,,128.0
678,Xiaomi,19999,81.0,Snapdragon,6.0,33.0,6.0,1080.0,2400.0,120.0,64.0
679,Xiaomi,23500,80.0,Snapdragon,6.0,33.0,6.0,2400.0,1080.0,144.0,128.0
680,LG,54999,85.0,Snapdragon,6.0,25.0,6.0,1080.0,2460.0,,128.0
681,Motorola,19499,80.0,Snapdragon,6.0,18.0,6.0,1080.0,2340.0,,128.0
682,LG,79990,,Snapdragon,8.0,,6.0,1080.0,2460.0,,128.0
683,Samsung,39999,83.0,Exynos,6.0,25.0,6.0,1080.0,2400.0,,128.0
684,Samsung,92999,89.0,Exynos,12.0,,6.0,1440.0,3040.0,,256.0
685,Xiaomi,1799,,Helio,8.0,,2.0,240.0,320.0,,16.0
686,iQOO,32990,84.0,Snapdragon,8.0,120.0,6.0,1080.0,2400.0,120.0,256.0
687,Samsung,14499,72.0,Exynos,4.0,15.0,6.0,720.0,1600.0,90.0,128.0
688,Vivo,13999,70.0,Dimensity,4.0,15.0,6.0,720.0,1600.0,,128.0
689,Vivo,7999,,"Helio,",2.0,10.0,6.0,720.0,1600.0,,32.0
690,itel,5785,,Unisoc,2.0,18.0,6.0,1612.0,720.0,,32.0
691,Xiaomi,12990,73.0,Dimensity,4.0,18.0,6.0,1080.0,2400.0,90.0,128.0
692,Poco,19990,84.0,Dimensity,8.0,120.0,6.0,1080.0,2400.0,120.0,128.0
693,OPPO,23990,79.0,Dimensity,12.0,33.0,6.0,1080.0,2400.0,90.0,256.0
694,Samsung,17999,77.0,Exynos,6.0,15.0,6.0,1080.0,2408.0,,64.0
695,Infinix,16999,80.0,Helio,6.0,120.0,6.0,1080.0,2460.0,,128.0
696,Honor,9999,68.0,Snapdragon,4.0,,6.0,720.0,1600.0,,128.0
697,Infinix,8299,63.0,Helio,3.0,,6.0,720.0,1600.0,,64.0
698,Sony,82199,89.0,Snapdragon,8.0,30.0,6.0,1080.0,2520.0,120.0,256.0
699,Samsung,1850,,800,1.0,,,,,,5.0
700,Nubia,49990,84.0,Snapdragon,8.0,80.0,6.0,1080.0,2400.0,144.0,128.0
701,Nokia,11999,71.0,Unisoc,4.0,18.0,6.0,720.0,1600.0,90.0,64.0
702,Xiaomi,29990,82.0,Snapdragon,6.0,67.0,6.0,1080.0,2400.0,120.0,128.0
703,Oppo,92249,,Snapdragon,8.0,33.0,7.0,1792.0,1920.0,120.0,256.0
704,Apple,139900,84.0,Bionic,6.0,,6.0,1284.0,2778.0,120.0,256.0
705,Vivo,14990,74.0,Helio,4.0,18.0,6.0,720.0,1600.0,,128.0
706,OPPO,15988,79.0,Snapdragon,6.0,33.0,6.0,1080.0,2400.0,,128.0
707,Samsung,11725,76.0,Exynos,4.0,15.0,6.0,1080.0,2340.0,,64.0
708,OPPO,17994,80.0,Helio,8.0,30.0,6.0,1080.0,2400.0,,128.0
709,OPPO,134999,86.0,Snapdragon,8.0,45.0,7.0,1440.0,3200.0,,256.0
710,OnePlus,25595,81.0,Snapdragon,6.0,30.0,6.0,1080.0,2400.0,90.0,128.0
711,Gionee,7499,67.0,Helio,6.0,,6.0,720.0,1520.0,,128.0
712,Poco,10890,74.0,Helio,6.0,18.0,6.0,1080.0,2340.0,,64.0
713,OPPO,18990,83.0,Helio,8.0,30.0,6.0,1080.0,2400.0,,128.0
714,Motorola,19990,82.0,Snapdragon,6.0,20.0,6.0,1080.0,2400.0,,128.0
715,Samsung,15990,80.0,Exynos,4.0,15.0,6.0,1080.0,2340.0,,128.0
716,Samsung,58999,89.0,Exynos,12.0,45.0,6.0,1440.0,3040.0,,256.0
717,Vivo,12500,71.0,Helio,4.0,,6.0,720.0,1544.0,,64.0
718,Vivo,29999,82.0,Snapdragon,8.0,18.0,6.0,1080.0,2340.0,,128.0
719,Vivo,31990,86.0,Snapdragon,8.0,80.0,6.0,1080.0,2408.0,120.0,256.0
720,Vivo,29999,86.0,Dimensity,8.0,33.0,6.0,1080.0,2400.0,90.0,128.0
721,Asus,107990,,Dimensity,16.0,65.0,6.0,1080.0,2448.0,165.0,512.0
722,Motorola,31990,84.0,Snapdragon,8.0,68.0,6.0,1080.0,2400.0,120.0,128.0
723,Xiaomi,48990,87.0,Dimensity,8.0,120.0,6.0,1220.0,2712.0,120.0,128.0
724,Huawei,99990,85.0,Kirin,8.0,66.0,6.0,1440.0,3200.0,120.0,256.0
725,Realme,9499,65.0,Tiger,4.0,,6.0,720.0,1600.0,,64.0
726,Huawei,162990,89.0,Snapdragon,8.0,66.0,7.0,2200.0,2480.0,120.0,512.0
727,iQOO,24999,80.0,Snapdragon,6.0,67.0,6.0,1080.0,2412.0,144.0,128.0
728,Apple,82990,72.0,Bionic,6.0,,6.0,1170.0,2532.0,,128.0
729,Infinix,15999,79.0,Helio,8.0,33.0,6.0,1080.0,2460.0,120.0,128.0
730,Tecno,8999,64.0,Helio,4.0,,6.0,720.0,1600.0,,64.0
731,Oppo,17990,73.0,Dimensity,6.0,,6.0,720.0,1600.0,,128.0
732,Vivo,82990,,Snapdragon,12.0,120.0,6.0,1440.0,3200.0,120.0,256.0
733,Xiaomi,12999,77.0,Helio,6.0,18.0,6.0,1080.0,2400.0,90.0,128.0
734,Huawei,29990,83.0,Snapdragon,8.0,66.0,6.0,1080.0,2340.0,120.0,128.0
735,Tecno,6999,,Spreadtrum,1.0,,6.0,720.0,1520.0,,16.0
736,Huawei,60999,,Snapdragon,8.0,66.0,6.0,1288.0,2700.0,120.0,256.0
737,Xiaomi,27990,83.0,Dimensity,8.0,67.0,6.0,1440.0,3200.0,120.0,128.0
738,Nokia,5249,,Unisoc,2.0,,5.0,720.0,1440.0,,16.0
739,Realme,14999,80.0,Snapdragon,6.0,30.0,6.0,1080.0,2400.0,120.0,128.0
740,OPPO,44990,87.0,Snapdragon,8.0,65.0,6.0,1080.0,2400.0,90.0,128.0
741,Motorola,22490,87.0,Snapdragon,6.0,20.0,6.0,1080.0,2520.0,90.0,128.0
742,Oppo,50990,,Snapdragon,12.0,65.0,6.0,1440.0,3216.0,120.0,256.0
743,Poco,11499,75.0,Snapdragon,6.0,18.0,6.0,1080.0,2340.0,,64.0
744,itel,5990,,Unisoc,1.0,,6.0,1600.0,720.0,,16.0
745,Vivo,27000,84.0,Snapdragon,8.0,33.0,6.0,1080.0,2400.0,,128.0
746,Xiaomi,29999,86.0,Snapdragon,8.0,33.0,6.0,1080.0,2400.0,144.0,128.0
747,Vivo,27990,84.0,Snapdragon,8.0,33.0,6.0,1080.0,2400.0,,256.0
748,Nokia,3290,,2000,2.0,3.0,,,,,4.0
749,Samsung,74999,89.0,Exynos,8.0,25.0,6.0,1440.0,3200.0,,128.0
750,Vivo,9990,72.0,Snapdragon,4.0,18.0,6.0,1080.0,2340.0,,64.0
751,Oppo,19990,82.0,Snapdragon,8.0,30.0,6.0,1080.0,2340.0,,128.0
752,Realme,13279,75.0,Snapdragon,4.0,20.0,6.0,1080.0,2340.0,,64.0
753,Vivo,11000,68.0,Helio,3.0,,6.0,720.0,1544.0,,64.0
754,Apple,18900,,32,4.0,1.0,,,,,640.0
755,Xiaomi,12999,78.0,Snapdragon,6.0,,6.0,1080.0,2246.0,,128.0
756,Poco,7299,61.0,Helio,3.0,10.0,6.0,720.0,1600.0,,32.0
757,Karbonn,995,,52,1000.0,8.0,,,,,
758,iKall,7999,61.0,Quad,4.0,,6.0,720.0,1600.0,,32.0
759,Xiaomi,54990,86.0,Snapdragon,8.0,67.0,6.0,1440.0,3200.0,120.0,128.0
760,Vivo,49990,77.0,Dimensity,12.0,120.0,6.0,1080.0,2400.0,120.0,256.0
761,Honor,54990,,Snapdragon,12.0,100.0,6.0,1200.0,2652.0,120.0,256.0
762,Apple,49990,60.0,Bionic,64.0,1.0,,,,,
763,Tecno,15499,71.0,Dimensity,4.0,18.0,6.0,1080.0,2400.0,120.0,128.0
764,Apple,169900,78.0,Bionic,6.0,,6.0,1290.0,2796.0,120.0,512.0
765,Google,53990,75.0,Google,8.0,67.0,6.0,1080.0,2400.0,120.0,128.0
766,Vivo,18990,80.0,Dimensity,8.0,44.0,6.0,1080.0,2408.0,120.0,128.0
767,Motorola,16999,76.0,Snapdragon,4.0,33.0,6.0,2460.0,1080.0,90.0,64.0
768,Motorola,34999,86.0,Snapdragon,8.0,67.0,6.0,1080.0,2412.0,144.0,128.0
769,Vivo,82990,,Snapdragon,12.0,80.0,,1440.0,3080.0,120.0,512.0
770,Realme,46999,89.0,Snapdragon,12.0,65.0,6.0,1440.0,3216.0,120.0,256.0
771,Vivo,8499,66.0,Helio,3.0,,6.0,720.0,1600.0,,32.0
772,Honor,16999,76.0,Snapdragon,6.0,22.0,6.0,1080.0,2388.0,90.0,128.0
773,Samsung,11499,69.0,Unisoc,4.0,15.0,6.0,720.0,1560.0,,64.0
774,Samsung,88999,88.0,Snapdragon,8.0,45.0,6.0,1080.0,2340.0,120.0,256.0
775,Vivo,15990,81.0,Snapdragon,8.0,18.0,6.0,1080.0,2408.0,90.0,128.0
776,Xiaomi,24990,83.0,Dimensity,8.0,67.0,6.0,2400.0,1080.0,120.0,128.0
777,Oppo,79990,,Snapdragon,8.0,80.0,6.0,1440.0,3216.0,120.0,256.0
778,Tecno,6249,61.0,Octa,2.0,,6.0,720.0,1600.0,,32.0
779,Vivo,12499,69.0,Snapdragon,3.0,18.0,6.0,720.0,1600.0,,64.0
780,Xiaomi,6499,61.0,Helio,2.0,,6.0,720.0,1600.0,,32.0
781,Apple,179900,86.0,Bionic,6.0,,6.0,1284.0,2778.0,120.0,1.0
782,Vivo,11990,68.0,Snapdragon,3.0,,6.0,720.0,1600.0,,64.0
783,Vivo,26990,82.0,Helio,8.0,44.0,6.0,1080.0,2400.0,,128.0
784,Samsung,13499,76.0,Helio,6.0,,6.0,720.0,1600.0,90.0,128.0
785,Xiaomi,75999,,Snapdragon,12.0,67.0,6.0,1440.0,3200.0,120.0,256.0
786,Micromax,5999,60.0,Tiger,3.0,,6.0,720.0,1600.0,,32.0
787,Samsung,8499,67.0,Helio,3.0,15.0,6.0,720.0,1600.0,,32.0
788,OPPO,11990,71.0,Helio,4.0,,6.0,1600.0,720.0,,128.0
789,Xiaomi,10990,77.0,Dimensity,4.0,18.0,6.0,1080.0,2340.0,90.0,128.0
790,Xiaomi,109990,,Snapdragon,12.0,67.0,8.0,1860.0,2480.0,90.0,256.0
791,Realme,16999,80.0,Dimensity,6.0,18.0,6.0,1080.0,2400.0,90.0,128.0
792,OPPO,12199,70.0,Helio,4.0,,6.0,1600.0,720.0,,64.0
793,Oppo,11490,72.0,Helio,4.0,,6.0,720.0,1600.0,,128.0
794,itel,5490,,Quad,1.0,,,720.0,1600.0,,16.0
795,Xiaomi,11499,74.0,Snapdragon,4.0,18.0,6.0,1080.0,2340.0,,64.0
796,Samsung,59450,88.0,Exynos,8.0,25.0,6.0,1080.0,2400.0,120.0,128.0
797,POCO,12799,76.0,Snapdragon,4.0,33.0,6.0,1080.0,2400.0,,64.0
798,Samsung,83000,88.0,Exynos,8.0,25.0,6.0,1440.0,3200.0,120.0,128.0
799,Realme,14490,80.0,Snapdragon,6.0,30.0,6.0,1080.0,2400.0,90.0,64.0
800,Huawei,82990,,Kirin,8.0,40.0,6.0,1200.0,2640.0,90.0,256.0
801,Vivo,9490,64.0,Snapdragon,3.0,,6.0,720.0,1544.0,,32.0
802,Vivo,25000,78.0,Snapdragon,8.0,,6.0,1080.0,2316.0,,128.0
803,Vivo,15000,65.0,Snapdragon,4.0,,6.0,1520.0,720.0,,64.0
804,Vivo,20990,70.0,Helio,4.0,,6.0,1080.0,2280.0,,128.0
805,Samsung,34999,78.0,Exynos,6.0,,6.0,1440.0,2960.0,,128.0
806,Realme,29999,80.0,Snapdragon,8.0,120.0,6.0,1080.0,2400.0,144.0,128.0
807,Vivo,11999,67.0,Dimensity,4.0,15.0,6.0,720.0,1600.0,,128.0
808,Samsung,12999,72.0,Helio,4.0,,6.0,720.0,1600.0,,128.0
809,Leitz,124990,89.0,Snapdragon,12.0,,6.0,1260.0,2730.0,240.0,256.0
810,Xiaomi,28999,85.0,Dimensity,8.0,120.0,6.0,1080.0,2460.0,120.0,128.0
811,Infinix,12999,77.0,Helio,8.0,18.0,6.0,1080.0,2460.0,,128.0
812,Realme,28499,82.0,Snapdragon,8.0,80.0,6.0,1080.0,2400.0,120.0,256.0
813,Apple,104999,83.0,Bionic,6.0,,6.0,1284.0,2778.0,,512.0
814,Apple,172999,77.0,Bionic,6.0,,6.0,1179.0,2556.0,120.0,1.0
815,Xiaomi,17990,79.0,Snapdragon,6.0,18.0,6.0,1080.0,2408.0,120.0,128.0
816,Xiaomi,13774,76.0,Helio,6.0,18.0,6.0,1080.0,2400.0,90.0,128.0
817,itel,2239,,No,117.0,128.0,,,,,
818,Nokia,8999,64.0,Unisoc,4.0,,6.0,720.0,1600.0,,64.0
819,OnePlus,18990,75.0,Dimensity,4.0,33.0,6.0,720.0,1612.0,90.0,64.0
820,Tecno,14999,77.0,Helio,6.0,18.0,6.0,1080.0,2400.0,90.0,128.0
821,Realme,7999,61.0,Tiger,3.0,10.0,6.0,720.0,1600.0,,32.0
822,Xiaomi,39999,85.0,Snapdragon,8.0,120.0,6.0,1220.0,2712.0,144.0,128.0
823,OPPO,11990,67.0,Helio,3.0,33.0,6.0,720.0,1612.0,,64.0
824,Infinix,12999,77.0,Helio,6.0,33.0,6.0,2400.0,1080.0,,128.0
825,Samsung,54999,77.0,Octa,8.0,,6.0,1080.0,2400.0,,128.0
826,Samsung,24990,72.0,Octa,6.0,,6.0,1080.0,2400.0,,128.0
827,Vivo,59999,88.0,Dimensity,12.0,80.0,6.0,1080.0,2400.0,120.0,256.0
828,Poco,19999,72.0,Snapdragon,6.0,,6.0,1080.0,2400.0,120.0,128.0
829,Infinix,16999,79.0,Helio,8.0,33.0,6.0,1080.0,2400.0,,128.0
830,Samsung,14999,60.0,Exynos,4.0,,6.0,720.0,1600.0,,64.0
831,Vivo,29990,76.0,Snapdragon,8.0,67.0,6.0,1080.0,2408.0,90.0,128.0
832,Xiaomi,13990,69.0,Dimensity,4.0,18.0,6.0,1080.0,2408.0,90.0,128.0
833,Xiaomi,17999,81.0,Helio,6.0,67.0,6.0,1080.0,2400.0,120.0,128.0
834,Realme,11399,73.0,Tiger,4.0,18.0,6.0,1080.0,2408.0,,64.0
835,Eunity,599,,1.77,32.0,,1.0,260.0,240.0,,32.0
836,Vivo,19990,79.0,Dimensity,8.0,18.0,6.0,1080.0,2408.0,,128.0
837,Vivo,15499,74.0,Snapdragon,4.0,18.0,6.0,1600.0,720.0,90.0,128.0
838,Gionee,6999,,Tiger,3.0,,6.0,720.0,1600.0,,32.0
839,Xiaomi,12499,77.0,Snapdragon,4.0,18.0,6.0,1080.0,2400.0,,128.0
840,Apple,91999,80.0,Bionic,4.0,,6.0,1170.0,2532.0,,512.0
841,Infinix,9690,71.0,Helio,4.0,,6.0,1080.0,2480.0,90.0,64.0
842,Realme,32990,85.0,Snapdragon,8.0,65.0,6.0,1080.0,2400.0,120.0,128.0
843,Xiaomi,42990,87.0,Snapdragon,8.0,67.0,6.0,1080.0,2400.0,120.0,128.0
844,CAT,14999,,Qualcomm,2.0,,,480.0,640.0,,16.0
845,Xiaomi,18699,82.0,Snapdragon,8.0,33.0,6.0,1080.0,2400.0,90.0,128.0
846,DIZO,1749,,"SC6531E,",32.0,,2.0,240.0,320.0,,32.0
847,Realme,10990,76.0,Dimensity,4.0,18.0,6.0,1080.0,2400.0,,128.0
848,Xiaomi,30990,85.0,Snapdragon,8.0,33.0,6.0,1080.0,2400.0,120.0,128.0
849,Lenovo,59999,89.0,Snapdragon,16.0,120.0,6.0,1080.0,2400.0,144.0,512.0
850,Samsung,23999,83.0,Exynos,6.0,,6.0,1080.0,2400.0,,128.0
851,Realme,9999,69.0,Dimensity,4.0,18.0,6.0,720.0,1600.0,,128.0
852,Nokia,3099,,Unisoc,64.0,,2.0,240.0,320.0,,128.0
853,Apple,119900,80.0,Bionic,6.0,1.0,,,,,256.0
854,Xiaomi,9299,67.0,Helio,4.0,10.0,6.0,720.0,1600.0,,128.0
855,Realme,12989,77.0,Helio,6.0,30.0,6.0,1080.0,2400.0,90.0,64.0
856,Samsung,4999,,(28,1.0,,5.0,720.0,1480.0,,16.0
857,LG,11999,,1,1470.0,8.0,,,,,
858,Oppo,29990,83.0,Snapdragon,8.0,65.0,6.0,1080.0,2400.0,,128.0
859,Oppo,12490,72.0,Helio,6.0,,6.0,720.0,1600.0,,128.0
860,Sony,27999,75.0,Snapdragon,4.0,18.0,,1080.0,2520.0,90.0,128.0
861,Vivo,8199,,Helio,2.0,,6.0,720.0,1520.0,,32.0
862,Huawei,21990,81.0,Kirin,8.0,40.0,6.0,1080.0,2340.0,,128.0
863,Vivo,20000,73.0,Helio,4.0,18.0,6.0,1080.0,2340.0,,128.0
864,Vivo,11990,74.0,Snapdragon,6.0,18.0,6.0,1080.0,2340.0,,64.0
865,Xiaomi,11989,75.0,Helio,4.0,22.0,6.0,1080.0,2340.0,,64.0
866,Xiaomi,11490,66.0,Snapdragon,4.0,18.0,6.0,720.0,1520.0,,64.0
867,Motorola,11490,68.0,Helio,4.0,10.0,6.0,720.0,1520.0,,64.0
868,Google,15999,67.0,Qualcomm,4.0,18.0,,1080.0,2160.0,,64.0
869,Samsung,17990,69.0,Samsung,4.0,15.0,5.0,1080.0,2340.0,,64.0
870,Samsung,78990,86.0,Exynos,8.0,25.0,6.0,1440.0,3040.0,,256.0
871,Huawei,10949,66.0,Kirin,4.0,,5.0,1080.0,2280.0,,64.0
872,Xiaomi,10300,65.0,Qualcomm,4.0,,5.0,1080.0,1920.0,,64.0
873,BlackZone,1899,,Single,48.0,,1.0,480.0,640.0,,48.0
874,Doogee,45999,88.0,Dimensity,12.0,33.0,6.0,1080.0,2408.0,120.0,256.0
875,Huawei,21990,63.0,Octa,4.0,22.0,6.0,720.0,1600.0,,64.0
876,iQOO,19990,76.0,Snapdragon,8.0,45.0,6.0,1080.0,2412.0,120.0,128.0
877,Vivo,32990,84.0,Snapdragon,8.0,80.0,6.0,1080.0,2400.0,120.0,256.0
878,Poco,14499,77.0,Helio,6.0,18.0,6.0,1080.0,2400.0,90.0,128.0
879,Nokia,41990,85.0,Snapdragon,6.0,33.0,6.0,1080.0,2400.0,90.0,128.0
880,Tecno,13990,67.0,Helio,6.0,,6.0,720.0,1600.0,90.0,128.0
881,Nokia,1599,,No,4.0,,1.0,120.0,160.0,,4.0
882,Nokia,4799,,No,107.0,128.0,,,,,
883,Vivo,10490,67.0,Helio,3.0,,6.0,720.0,1600.0,,64.0
884,Huawei,29990,82.0,Snapdragon,8.0,66.0,6.0,1080.0,2400.0,120.0,128.0
885,Huawei,22990,82.0,Snapdragon,8.0,40.0,6.0,1080.0,2388.0,90.0,128.0
886,Samsung,47990,80.0,Dimensity,8.0,,6.0,1080.0,2400.0,,128.0
887,Infinix,19999,84.0,Helio,8.0,120.0,6.0,1080.0,2400.0,120.0,128.0
888,OnePlus,29999,83.0,Snapdragon,8.0,80.0,6.0,1080.0,2412.0,120.0,128.0
889,Realme,11879,74.0,Tiger,4.0,18.0,6.0,1080.0,2408.0,,128.0
890,OnePlus,28990,84.0,Dimensity,8.0,150.0,6.0,1080.0,2412.0,120.0,128.0
891,iQOO,39990,85.0,Snapdragon,12.0,120.0,6.0,1080.0,2376.0,120.0,256.0
892,Xiaomi,15999,78.0,Dimensity,6.0,33.0,6.0,1080.0,2400.0,90.0,64.0
893,Oppo,22990,82.0,Snapdragon,8.0,33.0,6.0,1080.0,2400.0,,256.0
894,Royole,149999,87.0,Snapdragon,8.0,,7.0,1440.0,1920.0,,128.0
895,Tecno,11499,75.0,Helio,4.0,18.0,6.0,1080.0,2460.0,90.0,128.0
896,Tecno,22999,84.0,Helio,8.0,44.0,6.0,1080.0,2400.0,120.0,256.0
897,Tecno,7999,70.0,Helio,4.0,,6.0,720.0,1600.0,,64.0
898,Realme,31999,82.0,Snapdragon,8.0,65.0,6.0,2400.0,1080.0,120.0,128.0
899,Sony,30990,78.0,Snapdragon,6.0,30.0,,1080.0,2520.0,,64.0
900,Realme,7999,64.0,Helio,3.0,,6.0,720.0,1600.0,,32.0
901,Tecno,10999,74.0,Helio,4.0,18.0,6.0,1080.0,2460.0,,64.0
902,Poco,14990,79.0,Dimensity,6.0,67.0,6.0,1080.0,2400.0,120.0,128.0
903,Motorola,14499,77.0,Snapdragon,4.0,20.0,6.0,1080.0,2460.0,120.0,64.0
904,OnePlus,44999,86.0,Snapdragon,8.0,65.0,6.0,1080.0,2400.0,120.0,128.0
905,Realme,17999,83.0,Helio,8.0,30.0,6.0,1080.0,2400.0,,128.0
906,Realme,19999,83.0,Dimensity,8.0,30.0,6.0,1080.0,2400.0,120.0,128.0
907,Itel,3999,,Spreadtrum,1.0,,,854.0,480.0,,8.0
908,Samsung,101999,,Exynos,12.0,25.0,6.0,1440.0,3200.0,120.0,128.0
909,Oppo,38700,84.0,Dimensity,8.0,65.0,6.0,1080.0,2400.0,90.0,128.0
910,OnePlus,19999,73.0,Snapdragon,4.0,65.0,6.0,1080.0,2400.0,,64.0
911,Samsung,10999,72.0,Exynos,4.0,15.0,6.0,720.0,1600.0,90.0,64.0
912,OnePlus,16990,68.0,Snapdragon,4.0,18.0,6.0,720.0,1600.0,90.0,64.0
913,Apple,55999,75.0,Bionic,4.0,4.0,,,,,256.0
914,Apple,67999,76.0,Bionic,4.0,1.0,,,,,256.0
915,OPPO,9999,66.0,Helio,3.0,,6.0,720.0,1600.0,,32.0
916,Xiaomi,14439,77.0,Snapdragon,4.0,18.0,6.0,1080.0,2400.0,,128.0
917,Nokia,2499,,No,4.0,,2.0,240.0,320.0,,
918,Oppo,9990,64.0,Helio,3.0,,6.0,1520.0,720.0,,32.0
919,Realme,24999,85.0,Snapdragon,8.0,65.0,6.0,1080.0,2400.0,90.0,128.0
920,Samsung,85990,,Exynos,8.0,25.0,6.0,1440.0,3200.0,,128.0
921,Xiaomi,480000,88.0,Snapdragon,8.0,27.0,6.0,1080.0,2340.0,,256.0
922,Xiaomi,16999,78.0,Helio,6.0,18.0,6.0,1080.0,2340.0,,64.0
923,Realme,8999,,Helio,2.0,,6.0,720.0,1520.0,,16.0
924,OPPO,15990,62.0,Helio,3.0,,,1080.0,2160.0,,32.0
925,Nokia,3999,,256,1200.0,4.0,,,,,
926,Lyf,3890,,Snapdragon,3.0,,,1080.0,1920.0,,32.0
927,Samsung,1685,,No,800.0,5.0,,,,,
928,Apple,84990,75.0,Bionic,8.0,,6.0,1284.0,2778.0,120.0,128.0
929,Vivo,21999,78.0,Dimensity,4.0,18.0,6.0,1080.0,2408.0,,128.0
930,iKall,2099,,48,1800.0,4.0,,,,,
931,Lava,8999,66.0,Helio,4.0,,6.0,720.0,1600.0,,64.0
932,Eunity,649,,1.77,16.0,,1.0,280.0,240.0,,16.0
933,Tecno,20999,79.0,Dimensity,6.0,33.0,6.0,1080.0,2460.0,120.0,128.0
934,OPPO,32990,84.0,Dimensity,8.0,80.0,6.0,1080.0,2400.0,90.0,128.0
935,Motorola,9022,70.0,Helio,4.0,10.0,6.0,720.0,1600.0,90.0,64.0
936,Xiaomi,8399,61.0,Helio,3.0,10.0,6.0,720.0,1600.0,,32.0
937,Infinix,9999,64.0,Helio,3.0,,6.0,720.0,1612.0,,64.0
938,Tecno,8390,63.0,Helio,3.0,,6.0,720.0,1600.0,90.0,64.0
939,ZTE,19999,82.0,Snapdragon,6.0,55.0,6.0,1080.0,2460.0,120.0,128.0
940,Honor,13999,71.0,Helio,4.0,10.0,6.0,720.0,1600.0,,64.0
941,Xiaomi,29999,85.0,Snapdragon,8.0,67.0,6.0,1080.0,2400.0,120.0,128.0
942,TCL,8990,60.0,Helio,3.0,10.0,,720.0,1440.0,,32.0
943,Samsung,163980,,Snapdragon,12.0,25.0,7.0,1812.0,2176.0,120.0,1.0
944,Nothing,24990,80.0,Snapdragon,6.0,33.0,6.0,1080.0,2400.0,120.0,128.0
945,Motorola,59990,,Snapdragon,8.0,125.0,6.0,1080.0,2340.0,144.0,128.0
946,OnePlus,47990,86.0,Snapdragon,12.0,150.0,6.0,1080.0,2412.0,120.0,256.0
947,Realme,40990,86.0,Snapdragon,8.0,100.0,6.0,1080.0,2412.0,120.0,128.0
948,Samsung,22999,74.0,Octa,8.0,,6.0,1080.0,2400.0,,128.0
949,Samsung,12990,63.0,Octa,4.0,18.0,6.0,720.0,1560.0,,64.0
950,Infinix,14999,79.0,Helio,8.0,33.0,6.0,2400.0,1080.0,,128.0
951,POCO,42999,86.0,Dimensity,8.0,150.0,6.0,1080.0,2412.0,120.0,128.0
952,iQOO,14999,78.0,Snapdragon,4.0,18.0,6.0,1080.0,2412.0,120.0,128.0
953,Vivo,22990,83.0,Snapdragon,8.0,44.0,6.0,1080.0,2400.0,120.0,128.0
954,Vivo,118990,,Snapdragon,12.0,66.0,8.0,1916.0,2160.0,120.0,512.0
955,Oppo,29990,81.0,Snapdragon,8.0,80.0,6.0,1080.0,2400.0,120.0,128.0
956,Tecno,7399,62.0,Unisoc,3.0,,6.0,720.0,1612.0,90.0,64.0
957,iQOO,17999,80.0,Snapdragon,8.0,55.0,6.0,1080.0,2400.0,120.0,128.0
958,Infinix,12799,77.0,Helio,6.0,33.0,6.0,1080.0,2400.0,,128.0
959,Xiaomi,26999,86.0,Dimensity,8.0,120.0,6.0,2400.0,1080.0,120.0,128.0
960,Samsung,22999,82.0,Dimensity,8.0,15.0,6.0,1080.0,2408.0,90.0,128.0
961,Apple,147900,84.0,Bionic,6.0,,6.0,1170.0,2532.0,120.0,1.0
962,Nubia,44999,84.0,Snapdragon,8.0,30.0,6.0,1080.0,2400.0,165.0,128.0
963,Micromax,7790,68.0,Unisoc,6.0,,6.0,720.0,1600.0,,64.0
964,Nokia,39990,87.0,Snapdragon,6.0,33.0,6.0,1080.0,2400.0,144.0,128.0
965,Vivo,9999,65.0,Snapdragon,3.0,,6.0,720.0,1600.0,,32.0
966,Oppo,22990,80.0,Snapdragon,6.0,18.0,6.0,1080.0,2400.0,90.0,128.0
967,Poco,32999,79.0,Dimensity,6.0,67.0,6.0,1080.0,2400.0,120.0,128.0
968,Honor,32990,85.0,Snapdragon,6.0,66.0,6.0,1080.0,2340.0,120.0,128.0
969,OPPO,14999,74.0,Helio,6.0,,6.0,1600.0,720.0,,128.0
970,Realme,12499,74.0,Helio,4.0,18.0,6.0,1080.0,2412.0,120.0,64.0
971,iQOO,39990,84.0,Snapdragon,8.0,66.0,6.0,1080.0,2400.0,120.0,128.0
972,Realme,6499,61.0,"SC9863A,",2.0,,6.0,720.0,1600.0,,32.0
973,Samsung,18499,76.0,Helio,6.0,15.0,6.0,720.0,1600.0,,128.0
974,Realme,30994,85.0,Snapdragon,8.0,65.0,6.0,1080.0,2400.0,120.0,128.0
975,Google,32999,78.0,Snapdragon,6.0,18.0,6.0,1080.0,2400.0,,128.0
976,Samsung,10499,73.0,Exynos,4.0,15.0,6.0,720.0,1600.0,90.0,64.0
977,Samsung,19999,82.0,Exynos,6.0,15.0,6.0,1080.0,2340.0,,128.0
978,Samsung,17499,75.0,Exynos,6.0,,6.0,720.0,1600.0,,128.0
979,Xiaomi,10990,69.0,Helio,6.0,,6.0,720.0,1600.0,,128.0
980,Vivo,19000,82.0,Snapdragon,8.0,33.0,6.0,1080.0,2400.0,,128.0
981,OPPO,13990,70.0,Snapdragon,6.0,18.0,6.0,1600.0,720.0,90.0,128.0
982,Realme,10499,72.0,Helio,4.0,18.0,6.0,720.0,1600.0,,64.0
983,itel,5890,,Unisoc,3.0,,6.0,1520.0,720.0,,32.0
984,Realme,6490,61.0,Helio,2.0,,6.0,720.0,1600.0,,32.0
985,Xiaomi,54999,88.0,Snapdragon,8.0,30.0,6.0,1080.0,2340.0,90.0,256.0
986,Vivo,9990,65.0,Snapdragon,4.0,,6.0,720.0,1544.0,,64.0
987,OnePlus,24999,79.0,Snapdragon,8.0,30.0,6.0,1080.0,2400.0,90.0,128.0
988,Nokia,3399,,8,1200.0,4.0,,,,,
989,Sharp,59990,88.0,Snapdragon,12.0,,6.0,1440.0,3168.0,,256.0
990,Huawei,214990,,Kirin,12.0,,6.0,1176.0,2400.0,,512.0
991,Samsung,9990,63.0,Octa,2.0,15.0,6.0,720.0,1560.0,,32.0
992,Realme,6999,,Helio,2.0,,6.0,1560.0,720.0,,16.0
993,Huawei,169000,,Kirin,8.0,55.0,,2200.0,2480.0,,512.0
994,Samsung,39990,78.0,Snapdragon,6.0,,6.0,1080.0,2340.0,,128.0
995,Samsung,21490,70.0,Exynos,4.0,,,2220.0,1080.0,,64.0
996,Vivo,13490,,Snapdragon,3.0,,5.0,720.0,1280.0,,16.0
997,Poco,7999,70.0,Helio,4.0,,6.0,720.0,1650.0,,64.0
998,Blackview,8990,67.0,Helio,4.0,10.0,6.0,720.0,1560.0,,64.0
999,Honor,13999,75.0,Helio,6.0,22.0,6.0,720.0,1600.0,90.0,128.0
1000,XTouch,1999,,No,,32.0,,,,,
1001,OPPO,13990,72.0,Dimensity,6.0,10.0,6.0,720.0,1612.0,90.0,128.0
1002,Doogee,14999,84.0,Helio,8.0,33.0,6.0,1080.0,2340.0,,128.0
1003,Lava,6999,,Helio,3.0,,6.0,1600.0,720.0,,32.0
1004,Motorola,42990,87.0,Snapdragon,8.0,68.0,6.0,1080.0,2400.0,144.0,128.0
1005,iKall,6799,61.0,Quad,4.0,,6.0,720.0,1560.0,,64.0
1006,Oukitel,25899,72.0,Helio,6.0,,5.0,720.0,1520.0,,128.0
1007,Xiaomi,54999,89.0,Snapdragon,12.0,67.0,6.0,1440.0,3200.0,120.0,256.0
1008,Motorola,49990,89.0,Snapdragon,8.0,68.0,6.0,1080.0,2400.0,144.0,128.0
1009,Xiaomi,32990,86.0,Dimensity,8.0,80.0,6.0,1080.0,2400.0,120.0,256.0
1010,Realme,8720,64.0,Tiger,4.0,10.0,6.0,720.0,1600.0,,64.0
1011,Oppo,69990,89.0,Snapdragon,8.0,120.0,6.0,1080.0,2400.0,120.0,256.0
1012,itel,4787,,Spreadtrum,2.0,,,854.0,480.0,,32.0
1013,Google,70990,80.0,Google,12.0,67.0,6.0,1440.0,3120.0,120.0,256.0
1014,Vivo,119990,,Snapdragon,12.0,66.0,8.0,1916.0,2160.0,120.0,256.0
1015,Motorola,34990,83.0,Snapdragon,8.0,68.0,6.0,1080.0,2460.0,120.0,128.0
1016,Honor,14990,75.0,Snapdragon,6.0,22.0,6.0,720.0,1600.0,,128.0
1017,POCO,28990,85.0,Dimensity,8.0,67.0,6.0,1080.0,2460.0,144.0,256.0
1018,Motorola,19990,80.0,Snapdragon,6.0,,6.0,1080.0,2400.0,,128.0
1019,Samsung,24990,74.0,Octa,8.0,,6.0,1080.0,2400.0,,128.0
