company,price,rating,processor,ram,battery,screen_size,width,height,frequency,rom
OnePlus,54999,89.0,Snapdragon,12.0,100.0,6.0,1440.0,3216.0,120.0,256.0
OnePlus,19989,81.0,Snapdragon,6.0,33.0,6.0,1080.0,2412.0,120.0,128.0
Samsung,16499,75.0,Exynos,4.0,15.0,6.0,1080.0,2408.0,90.0,64.0
Motorola,14999,81.0,Snapdragon,6.0,46.329588014981276,6.0,1080.0,2400.0,120.0,128.0
Realme,24999,82.0,Dimensity,6.0,67.0,6.0,1080.0,2412.0,120.0,128.0
Samsung,16999,80.0,Snapdragon,6.0,25.0,6.0,1080.0,2408.0,120.0,128.0
Apple,65999,81.0,Bionic,6.0,46.329588014981276,6.0,1170.0,2532.0,111.63829787234043,128.0
Xiaomi,29999,86.0,Dimensity,8.0,120.0,6.0,1080.0,2400.0,120.0,256.0
Nothing,26749,85.0,Snapdragon,8.0,33.0,6.0,1080.0,2400.0,120.0,128.0
OnePlus,28999,84.0,Dimensity,8.0,80.0,6.0,1080.0,2400.0,90.0,128.0
Realme,18999,82.0,Snapdragon,6.0,33.0,6.0,1080.0,2400.0,120.0,128.0
Oppo,18999,79.0,Dimensity,8.0,33.0,6.0,720.0,1612.0,90.0,128.0
Xiaomi,24762,79.0,Dimensity,6.0,67.0,6.0,1080.0,2400.0,120.0,128.0
Vivo,16990,80.0,Snapdragon,6.0,18.0,6.0,1080.0,2408.0,120.0,128.0
Samsung,114990,78.25824800910125,Snapdragon,8.0,45.0,6.0,1440.0,3088.0,120.0,256.0
Apple,62999,79.0,Bionic,4.0,46.329588014981276,6.0,1170.0,2532.0,111.63829787234043,128.0
Vivo,9999,65.0,Helio,3.0,10.0,6.0,720.0,1600.0,111.63829787234043,32.0
OPPO,45999,86.0,Snapdragon,16.0,80.0,6.0,1080.0,2412.0,120.0,256.0
OnePlus,32999,86.0,Dimensity,8.0,80.0,6.0,1080.0,2412.0,120.0,128.0
Vivo,14499,72.0,Helio,4.0,18.0,6.0,720.0,1612.0,111.63829787234043,64.0
OnePlus,39999,85.0,Snapdragon,8.0,100.0,6.0,1080.0,2412.0,120.0,128.0
Vivo,35999,85.0,Dimensity,8.0,66.0,6.0,1080.0,2376.0,120.0,128.0
Poco,14999,80.0,Snapdragon,6.0,67.0,6.0,1080.0,2400.0,120.0,64.0
Xiaomi,17859,76.0,Snapdragon,4.0,33.0,6.0,1080.0,2400.0,120.0,128.0
Vivo,42990,87.0,Dimensity,12.0,100.0,6.0,1080.0,2400.0,120.0,256.0
Samsung,31239,88.0,Snapdragon,8.0,46.329588014981276,6.0,1080.0,2400.0,120.0,128.0
OnePlus,21995,84.0,Snapdragon,8.0,33.0,6.0,1080.0,2412.0,120.0,128.0
Apple,129990,76.0,Bionic,6.0,46.329588014981276,6.0,1290.0,2796.0,120.0,128.0
Vivo,27999,83.0,Dimensity,8.0,44.0,6.0,1080.0,2408.0,90.0,128.0
OnePlus,69999,78.25824800910125,Snapdragon,8.0,100.0,6.0,1440.0,3216.0,120.0,128.0
Realme,19999,84.0,Snapdragon,8.0,33.0,6.0,1080.0,2400.0,120.0,128.0
Poco,20999,81.0,Snapdragon,6.0,67.0,6.0,1080.0,2400.0,120.0,128.0
Vivo,27990,83.0,Dimensity,8.0,67.0,6.0,1080.0,2400.0,120.0,256.0
Apple,38999,73.0,A13,4.0,46.329588014981276,6.0,828.0,1792.0,111.63829787234043,64.0
Samsung,23790,85.0,Dimensity,6.0,25.0,6.0,1080.0,2400.0,120.0,128.0
Samsung,39999,87.0,Exynos,8.0,25.0,6.0,1080.0,2340.0,120.0,128.0
Oppo,29990,87.0,Snapdragon,8.0,66.0,6.0,1080.0,2400.0,120.0,256.0
Samsung,91999,78.25824800910125,Snapdragon,12.0,45.0,6.0,1440.0,3080.0,120.0,256.0
Xiaomi,32999,83.0,Snapdragon,6.0,210.0,6.0,1080.0,2460.0,120.0,128.0
OPPO,28499,83.0,Snapdragon,8.0,67.0,6.0,1080.0,2412.0,120.0,256.0
OnePlus,21999,83.0,Snapdragon,6.0,67.0,6.0,1080.0,2412.0,120.0,128.0
Xiaomi,19999,83.0,Snapdragon,6.0,67.0,6.0,1080.0,2400.0,120.0,128.0
Motorola,18999,87.0,Dimensity,6.0,30.0,6.0,1080.0,2400.0,90.0,128.0
Realme,27999,85.0,Dimensity,8.0,67.0,6.0,1080.0,2412.0,120.0,256.0
Vivo,18499,80.0,Snapdragon,8.0,44.0,6.0,1080.0,2408.0,90.0,128.0
Samsung,17478,81.0,Exynos,6.0,25.0,6.0,1080.0,2400.0,120.0,128.0
Xiaomi,11936,76.0,Snapdragon,4.0,33.0,6.0,1080.0,2400.0,90.0,64.0
Realme,8950,64.0,Unisoc,3.0,46.329588014981276,6.0,720.0,1600.0,111.63829787234043,32.0
Vivo,12489,68.0,Helio,4.0,10.0,6.0,720.0,1600.0,111.63829787234043,64.0
Samsung,42999,78.25824800910125,Snapdragon,8.0,33.0,6.0,1080.0,2412.0,120.0,128.0
Samsung,18999,79.0,Exynos,6.0,15.0,6.0,1080.0,2408.0,90.0,128.0
iQOO,29999,82.0,Dimensity,8.0,120.0,6.0,1080.0,2400.0,120.0,128.0
Jio,11990,64.0,Snapdragon,4.0,18.0,6.0,720.0,1600.0,90.0,32.0
Motorola,18999,83.0,Snapdragon,6.0,30.0,6.0,1080.0,2400.0,120.0,128.0
Realme,13999,74.0,Helio,4.0,33.0,6.0,1080.0,2400.0,90.0,64.0
Realme,14965,75.0,Dimensity,4.0,18.0,6.0,1080.0,2408.0,90.0,64.0
Apple,74999,82.0,Bionic,6.0,46.329588014981276,6.0,1284.0,2778.0,111.63829787234043,128.0
Xiaomi,10999,78.0,Helio,6.0,33.0,6.0,1080.0,2400.0,111.63829787234043,64.0
Samsung,84990,89.0,Snapdragon,8.0,45.0,6.0,1080.0,2340.0,120.0,256.0
Motorola,10499,75.0,Snapdragon,4.0,33.0,6.0,1080.0,2400.0,90.0,64.0
Xiaomi,17990,78.0,Dimensity,6.0,67.0,6.0,1080.0,2460.0,120.0,128.0
Vivo,29990,85.0,Snapdragon,8.0,66.0,6.0,1080.0,2400.0,120.0,128.0
Samsung,18499,79.0,Snapdragon,6.0,25.0,6.0,1080.0,2408.0,111.63829787234043,128.0
Vivo,16499,75.0,Helio,6.0,18.0,6.0,720.0,1612.0,111.63829787234043,128.0
Poco,14999,81.0,Dimensity,6.0,33.0,6.0,1080.0,2400.0,90.0,128.0
Vivo,35499,86.0,Dimensity,8.0,66.0,6.0,1080.0,2400.0,120.0,256.0
OnePlus,60999,89.0,Snapdragon,8.0,80.0,6.0,1440.0,3216.0,120.0,128.0
Xiaomi,32999,87.0,Dimensity,12.0,120.0,6.0,1080.0,2400.0,120.0,256.0
Samsung,15999,78.0,Snapdragon,4.0,25.0,6.0,1080.0,2408.0,120.0,128.0
Oppo,99990,78.25824800910125,Snapdragon,8.0,67.0,7.0,1792.0,1920.0,120.0,256.0
OPPO,9499,62.0,Helio,3.0,46.329588014981276,6.0,720.0,1612.0,111.63829787234043,64.0
Vivo,27994,86.0,Dimensity,12.0,44.0,6.0,1080.0,2400.0,90.0,256.0
iQOO,13989,75.0,Snapdragon,4.0,18.0,6.0,1080.0,2408.0,120.0,64.0
OnePlus,44999,85.0,Snapdragon,8.0,150.0,6.0,1080.0,2412.0,120.0,128.0
Xiaomi,13999,79.0,Dimensity,6.0,18.0,6.0,1080.0,2400.0,90.0,128.0
Gionee,6190,78.25824800910125,Tiger,4.0,46.329588014981276,6.0,720.0,1600.0,111.63829787234043,32.0
Apple,119900,83.0,Bionic,6.0,46.329588014981276,6.0,1170.0,2532.0,120.0,128.0
OPPO,27660,83.0,Snapdragon,8.0,67.0,6.0,1080.0,2400.0,120.0,128.0
Samsung,24999,75.0,Exynos,6.0,33.0,6.0,1080.0,2400.0,90.0,128.0
Xiaomi,8388,66.0,Helio,4.0,46.329588014981276,6.0,720.0,1600.0,111.63829787234043,64.0
Motorola,15999,83.0,Helio,6.0,33.0,6.0,1080.0,2400.0,120.0,128.0
Samsung,20999,82.0,Exynos,8.0,15.0,6.0,1080.0,2408.0,90.0,128.0
Realme,13999,75.0,Dimensity,4.0,18.0,6.0,1080.0,2400.0,90.0,64.0
Vivo,19990,83.0,Snapdragon,8.0,18.0,6.0,1080.0,2408.0,120.0,128.0
Samsung,13999,75.0,Dimensity,6.0,15.0,6.0,720.0,1600.0,90.0,128.0
Motorola,22999,83.0,Snapdragon,6.0,33.0,6.0,1080.0,2400.0,144.0,128.0
Samsung,22999,79.0,Snapdragon,6.0,25.0,6.0,1080.0,2408.0,120.0,128.0
OPPO,16999,79.0,Dimensity,8.0,33.0,6.0,720.0,1612.0,90.0,128.0
Xiaomi,14290,80.0,Snapdragon,6.0,33.0,6.0,1080.0,2400.0,90.0,128.0
Samsung,41999,78.25824800910125,Snapdragon,8.0,25.0,6.0,1080.0,2400.0,120.0,128.0
Vivo,13489,69.0,Helio,4.0,18.0,6.0,720.0,1600.0,111.63829787234043,64.0
OnePlus,22990,83.0,Dimensity,8.0,46.329588014981276,6.0,1080.0,2412.0,120.0,128.0
Motorola,16499,84.0,Snapdragon,8.0,46.329588014981276,6.0,1080.0,2400.0,120.0,128.0
Vivo,73999,78.25824800910125,Snapdragon,12.0,80.0,6.0,1440.0,3200.0,120.0,256.0
Realme,9999,67.0,Unisoc,4.0,46.329588014981276,6.0,720.0,1600.0,111.63829787234043,64.0
Realme,12499,75.0,Snapdragon,4.0,33.0,6.0,1080.0,2412.0,90.0,64.0
OPPO,12499,72.0,Helio,4.0,46.329588014981276,6.0,720.0,1612.0,111.63829787234043,64.0
iQOO,59999,88.0,Snapdragon,8.0,120.0,6.0,1440.0,3200.0,144.0,256.0
Vivo,106990,78.25824800910125,Snapdragon,12.0,66.0,8.0,1916.0,2160.0,120.0,256.0
Vivo,15990,78.0,Snapdragon,4.0,18.0,6.0,1080.0,2408.0,120.0,128.0
Apple,119990,75.0,Bionic,6.0,46.329588014981276,6.0,1179.0,2556.0,120.0,128.0
Xiaomi,19999,83.0,Snapdragon,6.0,33.0,6.0,1080.0,2400.0,120.0,128.0
Motorola,23990,83.0,Snapdragon,8.0,68.0,6.0,1080.0,2460.0,144.0,128.0
Realme,12999,80.0,Dimensity,8.0,33.0,6.0,1080.0,2408.0,90.0,128.0
OPPO,19990,82.0,Dimensity,8.0,50.0,6.0,1080.0,2400.0,111.63829787234043,128.0
Xiaomi,58990,78.25824800910125,Snapdragon,8.0,120.0,6.0,1440.0,3200.0,120.0,128.0
Vivo,43999,87.0,Dimensity,12.0,120.0,6.0,1080.0,2400.0,144.0,256.0
Samsung,49999,86.0,Snapdragon,8.0,25.0,6.0,1080.0,2340.0,120.0,128.0
Vivo,15999,79.0,Snapdragon,6.0,44.0,6.0,1080.0,2408.0,111.63829787234043,128.0
OnePlus,36999,87.0,Dimensity,12.0,80.0,6.0,1080.0,2412.0,120.0,256.0
Tecno,39999,85.0,Dimensity,8.0,45.0,6.0,1080.0,2400.0,120.0,256.0
Apple,51999,74.0,Bionic,4.0,1.0,5.921406411582213,1060.9148936170213,2179.227963525836,111.63829787234043,64.0
Xiaomi,22999,82.0,Dimensity,6.0,67.0,6.0,1080.0,2460.0,144.0,128.0
Samsung,31999,87.0,Exynos,6.0,25.0,6.0,1080.0,2400.0,120.0,128.0
Xiaomi,6171,78.25824800910125,Helio,2.0,10.0,6.0,720.0,1600.0,111.63829787234043,32.0
OPPO,29340,83.0,Dimensity,8.0,80.0,6.0,1080.0,2400.0,90.0,128.0
Samsung,25289,87.0,Dimensity,8.0,25.0,6.0,1080.0,2400.0,120.0,128.0
iQOO,21788,78.0,Snapdragon,6.0,66.0,6.0,1080.0,2404.0,90.0,128.0
Tesla,69999,83.0,Octa,16.0,120.0,6.0,1080.0,2448.0,165.0,512.0
Samsung,70990,88.0,Snapdragon,8.0,25.0,6.0,1080.0,2340.0,120.0,128.0
Motorola,34999,89.0,Snapdragon,8.0,68.0,6.0,1080.0,2400.0,144.0,128.0
OnePlus,33900,85.0,Dimensity,12.0,80.0,6.0,1080.0,2400.0,90.0,256.0
Google,29999,71.0,Google,6.0,46.329588014981276,6.0,1080.0,2400.0,111.63829787234043,128.0
Infinix,18999,84.0,Dimensity,8.0,33.0,6.0,1080.0,2400.0,111.63829787234043,128.0
Samsung,19499,84.0,Exynos,8.0,25.0,6.0,1080.0,2400.0,120.0,128.0
Vivo,24994,83.0,Dimensity,8.0,44.0,6.0,1080.0,2400.0,90.0,128.0
Motorola,10999,78.0,Snapdragon,4.0,20.0,6.0,1080.0,2400.0,111.63829787234043,64.0
OnePlus,24999,85.0,Snapdragon,8.0,33.0,6.0,1080.0,2412.0,120.0,256.0
Samsung,25999,82.0,Exynos,6.0,25.0,6.0,1080.0,2400.0,90.0,128.0
Google,34990,69.0,Google,6.0,46.329588014981276,6.0,1080.0,2400.0,90.0,128.0
Xiaomi,13466,74.0,Dimensity,4.0,18.0,6.0,1080.0,2408.0,90.0,64.0
Xiaomi,9999,76.0,Snapdragon,4.0,18.0,6.0,1080.0,2400.0,111.63829787234043,64.0
Motorola,7999,71.0,Tiger,4.0,46.329588014981276,6.0,720.0,1600.0,90.0,64.0
Nothing,28249,86.0,Snapdragon,8.0,33.0,6.0,1080.0,2400.0,120.0,256.0
Poco,16499,82.0,Snapdragon,6.0,67.0,6.0,1080.0,2400.0,120.0,128.0
Xiaomi,22999,87.0,Snapdragon,8.0,67.0,6.0,1080.0,2400.0,120.0,256.0
Apple,46999,75.0,A13,4.0,46.329588014981276,6.0,828.0,1792.0,111.63829787234043,128.0
Realme,13999,74.0,Tiger,6.0,18.0,6.0,1080.0,2408.0,90.0,128.0
OPPO,13490,78.0,Snapdragon,6.0,33.0,6.0,1080.0,2412.0,90.0,128.0
iQOO,28999,82.0,Snapdragon,8.0,80.0,6.0,1080.0,2400.0,120.0,128.0
iQOO,15499,78.0,Snapdragon,4.0,18.0,6.0,1080.0,2408.0,120.0,128.0
OPPO,39999,86.0,Dimensity,16.0,67.0,6.0,1080.0,2412.0,120.0,256.0
Poco,12999,76.0,Dimensity,4.0,33.0,6.0,1080.0,2400.0,90.0,64.0
Jio,4499,78.25824800910125,Quad,2.0,46.329588014981276,5.921406411582213,720.0,1280.0,111.63829787234043,64.0
OnePlus,14999,69.0,Snapdragon,4.0,18.0,6.0,720.0,1560.0,111.63829787234043,64.0
Samsung,8499,68.0,Helio,4.0,15.0,6.0,720.0,1600.0,111.63829787234043,64.0
iQOO,24990,83.0,Snapdragon,8.0,66.0,6.0,1080.0,2400.0,120.0,128.0
Samsung,16999,84.0,Exynos,6.0,25.0,6.0,1080.0,2400.0,120.0,128.0
Xiaomi,9589,71.0,Snapdragon,4.0,18.0,6.0,720.0,1600.0,111.63829787234043,64.0
Apple,40999,74.0,Bionic,4.0,4.0,5.921406411582213,1060.9148936170213,2179.227963525836,111.63829787234043,64.0
Xiaomi,19988,79.0,Snapdragon,6.0,33.0,6.0,1080.0,2400.0,120.0,128.0
Motorola,11999,75.0,Snapdragon,4.0,33.0,6.0,2460.0,1080.0,90.0,64.0
Apple,142990,79.0,Bionic,8.0,25.0,6.0,1284.0,2778.0,120.0,256.0
Oppo,30990,87.0,Snapdragon,8.0,67.0,6.0,1080.0,2412.0,120.0,128.0
Infinix,19499,85.0,Dimensity,8.0,33.0,6.0,1080.0,2460.0,120.0,256.0
Nokia,4990,78.25824800910125,Snapdragon,4.0,46.329588014981276,2.0,240.0,320.0,111.63829787234043,512.0
Realme,5299,78.25824800910125,Tiger,2.0,46.329588014981276,6.0,720.0,1600.0,111.63829787234043,32.0
OPPO,25969,82.0,Snapdragon,8.0,33.0,6.0,1080.0,2400.0,111.63829787234043,128.0
Realme,28999,82.0,Snapdragon,6.0,65.0,6.0,1080.0,2400.0,120.0,128.0
Oppo,94990,78.25824800910125,Snapdragon,12.0,67.0,7.0,1792.0,1920.0,120.0,256.0
Realme,14999,81.0,Snapdragon,6.0,33.0,6.0,1080.0,2400.0,90.0,128.0
Cola,14999,74.0,Helio,4.0,33.0,6.0,1080.0,2400.0,90.0,64.0
Apple,129900,84.0,Bionic,6.0,46.329588014981276,6.0,1284.0,2778.0,120.0,128.0
Oppo,58990,88.0,Snapdragon,12.0,80.0,6.0,1080.0,2412.0,120.0,256.0
Vivo,41990,88.0,Dimensity,8.0,120.0,6.0,1260.0,2800.0,120.0,128.0
Samsung,10999,74.0,Exynos,4.0,15.0,6.0,2408.0,1080.0,111.63829787234043,64.0
Xiaomi,11999,79.0,Helio,6.0,33.0,6.0,1080.0,2400.0,111.63829787234043,128.0
Realme,16999,79.0,Helio,8.0,33.0,6.0,1080.0,2400.0,90.0,128.0
iQOO,30990,83.0,Snapdragon,8.0,66.0,6.0,1080.0,2400.0,120.0,128.0
Infinix,17999,75.0,Dimensity,4.0,18.0,6.0,1080.0,2408.0,120.0,64.0
Letv,5499,78.25824800910125,Tiger,4.0,46.329588014981276,6.0,720.0,1560.0,111.63829787234043,32.0
Xiaomi,20499,83.0,Snapdragon,6.0,67.0,6.0,1080.0,2460.0,120.0,128.0
Realme,20490,81.0,Dimensity,6.0,33.0,6.0,1080.0,2400.0,90.0,128.0
OPPO,15490,77.0,Snapdragon,6.0,18.0,6.0,1080.0,2400.0,90.0,128.0
Apple,29990,61.0,A13,3.0,46.329588014981276,4.0,750.0,1334.0,111.63829787234043,64.0
iQOO,15499,79.0,Snapdragon,6.0,18.0,6.0,1080.0,2408.0,120.0,128.0
Xiaomi,11999,80.0,Helio,6.0,33.0,6.0,1080.0,2400.0,111.63829787234043,64.0
Realme,10999,74.0,Helio,4.0,33.0,6.0,1080.0,2412.0,120.0,64.0
Vivo,21990,82.0,Dimensity,8.0,18.0,6.0,1080.0,2408.0,111.63829787234043,128.0
Vivo,31999,85.0,Dimensity,12.0,44.0,6.0,1080.0,2408.0,90.0,256.0
POCO,11999,77.0,Helio,6.0,33.0,6.0,1080.0,2400.0,90.0,64.0
Infinix,36999,89.0,Dimensity,8.0,180.0,6.0,1080.0,2400.0,120.0,256.0
Tecno,6999,62.0,Helio,3.0,10.0,6.0,720.0,1600.0,111.63829787234043,32.0
Motorola,39999,89.0,Snapdragon,8.0,125.0,6.0,1080.0,2400.0,165.0,128.0
Samsung,14999,78.0,Snapdragon,4.0,25.0,6.0,1080.0,2408.0,120.0,128.0
Realme,14499,79.0,Dimensity,8.0,33.0,6.0,1080.0,2408.0,90.0,128.0
OnePlus,27999,84.0,Dimensity,8.0,120.0,6.0,1080.0,2400.0,90.0,128.0
Motorola,20499,86.0,Snapdragon,8.0,30.0,6.0,1080.0,2400.0,120.0,128.0
iKall,8099,60.0,Quad,4.0,46.329588014981276,6.0,720.0,1600.0,111.63829787234043,64.0
LeEco,10999,65.0,Tiger,8.0,10.0,6.0,720.0,1600.0,111.63829787234043,128.0
Realme,3499,63.0,Helio,3.0,46.329588014981276,6.0,720.0,1560.0,111.63829787234043,32.0
Duoqin,9990,78.25824800910125,Helio,4.0,46.329588014981276,3.0,640.0,960.0,111.63829787234043,64.0
Samsung,34999,85.0,Snapdragon,6.0,25.0,6.0,1080.0,2412.0,90.0,128.0
Nokia,46999,78.25824800910125,Snapdragon,12.0,65.0,6.0,1400.0,3200.0,120.0,256.0
Motorola,39999,88.0,Snapdragon,8.0,68.0,6.0,1080.0,2400.0,144.0,128.0
Realme,11828,70.0,Tiger,4.0,18.0,6.0,1080.0,2408.0,111.63829787234043,64.0
OPPO,45999,86.0,Dimensity,12.0,80.0,6.0,1080.0,2412.0,120.0,256.0
OnePlus,18999,81.0,Snapdragon,6.0,33.0,6.0,1080.0,2412.0,120.0,128.0
Poco,17999,84.0,Snapdragon,8.0,67.0,6.0,1080.0,2400.0,120.0,128.0
Samsung,8499,66.0,Helio,4.0,15.0,6.0,720.0,1600.0,111.63829787234043,64.0
OPPO,17999,76.0,Snapdragon,8.0,33.0,6.0,720.0,1600.0,90.0,128.0
Samsung,14450,75.0,Octa,4.0,25.0,6.0,1080.0,2408.0,111.63829787234043,64.0
Motorola,54999,78.25824800910125,Snapdragon,8.0,125.0,6.0,1080.0,2400.0,144.0,128.0
Xiaomi,71999,78.25824800910125,Snapdragon,12.0,120.0,6.0,1440.0,3200.0,120.0,256.0
Motorola,12999,79.0,Snapdragon,6.0,33.0,6.0,2460.0,1080.0,90.0,128.0
Poco,11499,75.0,Dimensity,4.0,18.0,6.0,1080.0,2400.0,90.0,64.0
Nothing,35999,87.0,Snapdragon,12.0,33.0,6.0,1080.0,2400.0,120.0,256.0
Samsung,34999,76.0,Exynos,6.0,25.0,6.0,1080.0,2400.0,120.0,128.0
Tecno,11999,73.0,Helio,8.0,18.0,6.0,720.0,1600.0,90.0,128.0
Xiaomi,27994,82.0,Dimensity,8.0,67.0,6.0,1080.0,2400.0,120.0,256.0
Apple,139990,77.0,Bionic,6.0,46.329588014981276,6.0,1290.0,2796.0,120.0,256.0
Vivo,39999,86.0,Dimensity,12.0,66.0,6.0,1080.0,2376.0,120.0,256.0
Realme,15499,79.0,Dimensity,6.0,18.0,6.0,1080.0,2400.0,90.0,128.0
Realme,18999,80.0,Snapdragon,6.0,33.0,6.0,1080.0,2412.0,120.0,128.0
Lava,10999,73.0,Dimensity,4.0,46.329588014981276,6.0,1600.0,720.0,90.0,128.0
Honor,27999,81.0,Snapdragon,8.0,40.0,6.0,1080.0,2400.0,120.0,256.0
Google,81999,78.25824800910125,Google,12.0,30.0,6.0,1440.0,3120.0,120.0,128.0
Tecno,9999,74.0,Helio,4.0,33.0,6.0,1080.0,2460.0,90.0,64.0
Vivo,31994,85.0,Dimensity,8.0,44.0,6.0,1080.0,2376.0,90.0,128.0
Samsung,9299,65.0,Helio,3.0,46.329588014981276,6.0,720.0,1600.0,111.63829787234043,32.0
Xiaomi,29990,84.0,Snapdragon,8.0,67.0,6.0,1440.0,3200.0,120.0,128.0
Realme,25900,78.0,Dimensity,6.0,60.0,6.0,1080.0,2400.0,90.0,128.0
Realme,16999,78.0,Dimensity,6.0,18.0,6.0,1080.0,2408.0,90.0,128.0
Motorola,24999,85.0,Snapdragon,8.0,33.0,6.0,1080.0,2400.0,144.0,128.0
Xiaomi,12188,79.0,Snapdragon,6.0,33.0,6.0,1080.0,2400.0,90.0,64.0
Vivo,8999,78.25824800910125,"Helio,",3.0,10.0,6.0,720.0,1600.0,111.63829787234043,32.0
POCO,7499,68.0,Helio,4.0,46.329588014981276,6.0,720.0,1600.0,111.63829787234043,64.0
Realme,17999,79.0,Dimensity,6.0,33.0,6.0,1080.0,2400.0,90.0,128.0
Realme,24999,79.0,Snapdragon,6.0,80.0,6.0,1080.0,2400.0,120.0,128.0
OPPO,45999,86.0,Dimensity,12.0,80.0,6.0,1080.0,2412.0,120.0,256.0
OnePlus,65499,78.25824800910125,Snapdragon,12.0,80.0,6.0,1440.0,3216.0,120.0,256.0
iQOO,58990,89.0,Snapdragon,8.0,200.0,6.0,1440.0,3200.0,144.0,256.0
Vivo,11999,74.0,Snapdragon,4.0,18.0,6.0,1080.0,2408.0,90.0,64.0
Xiaomi,11999,77.0,Snapdragon,8.0,18.0,6.0,720.0,1650.0,111.63829787234043,128.0
OPPO,18990,76.0,Dimensity,6.0,33.0,6.0,720.0,1612.0,90.0,128.0
Vivo,14499,77.0,Snapdragon,4.0,44.0,6.0,1080.0,2408.0,111.63829787234043,128.0
Xiaomi,106990,78.25824800910125,Snapdragon,12.0,67.0,8.0,1914.0,2160.0,120.0,256.0
Vivo,10499,66.0,Helio,3.0,10.0,6.0,720.0,1600.0,111.63829787234043,64.0
OPPO,26990,86.0,Snapdragon,8.0,33.0,6.0,1080.0,2400.0,111.63829787234043,256.0
Vivo,19990,82.0,Helio,8.0,44.0,6.0,1080.0,2400.0,111.63829787234043,128.0
Xiaomi,24999,89.0,Dimensity,8.0,120.0,6.0,1080.0,2400.0,120.0,256.0
OPPO,13969,69.0,Helio,4.0,33.0,6.0,720.0,1612.0,111.63829787234043,64.0
Samsung,44999,83.0,Snapdragon,8.0,67.0,6.0,1080.0,2412.0,120.0,128.0
Vivo,24999,84.0,Snapdragon,8.0,66.0,6.0,1080.0,2404.0,90.0,128.0
Google,53100,86.0,Google,8.0,30.0,6.0,1080.0,2400.0,90.0,128.0
Xiaomi,16999,81.0,Dimensity,6.0,33.0,6.0,1080.0,2400.0,90.0,128.0
OPPO,21899,82.0,Snapdragon,8.0,33.0,6.0,1080.0,2400.0,90.0,128.0
Apple,75999,82.0,Bionic,6.0,46.329588014981276,6.0,1170.0,2532.0,111.63829787234043,256.0
Motorola,25999,85.0,Dimensity,8.0,30.0,6.0,1080.0,2400.0,120.0,256.0
Nubia,46990,84.0,Snapdragon,8.0,80.0,6.0,1116.0,2480.0,120.0,128.0
Motorola,9999,75.0,Helio,4.0,20.0,6.0,1080.0,2400.0,111.63829787234043,64.0
Tecno,49999,89.0,Dimensity,12.0,45.0,6.0,1080.0,2400.0,120.0,256.0
Infinix,17999,87.0,Helio,8.0,45.0,6.0,1080.0,2400.0,90.0,128.0
iQOO,16940,80.0,Snapdragon,6.0,18.0,6.0,1080.0,2408.0,120.0,128.0
Xiaomi,17990,81.0,Snapdragon,6.0,67.0,6.0,1080.0,2400.0,120.0,64.0
OPPO,20990,84.0,Snapdragon,8.0,67.0,6.0,1080.0,2412.0,120.0,128.0
Samsung,51999,79.0,Exynos,8.0,33.0,6.0,1080.0,2400.0,120.0,128.0
Samsung,64449,87.0,Snapdragon,8.0,45.0,6.0,1080.0,2340.0,120.0,128.0
Vivo,8990,71.0,Snapdragon,6.0,18.0,6.0,1080.0,2408.0,90.0,64.0
Motorola,19999,77.0,Helio,4.0,30.0,6.0,720.0,1600.0,90.0,128.0
Poco,13499,79.0,Dimensity,6.0,18.0,6.0,1080.0,2400.0,90.0,128.0
Tecno,15499,78.0,Dimensity,8.0,18.0,6.0,1080.0,2460.0,120.0,128.0
POCO,6499,65.0,Helio,3.0,46.329588014981276,6.0,720.0,1600.0,111.63829787234043,32.0
Apple,71999,60.0,Apple,4.0,46.329588014981276,6.0,828.0,1792.0,111.63829787234043,64.0
Samsung,36499,89.0,Exynos,8.0,25.0,6.0,1080.0,2400.0,120.0,256.0
Infinix,15999,78.0,Dimensity,6.0,33.0,6.0,1080.0,2400.0,111.63829787234043,64.0
OPPO,31994,87.0,Dimensity,12.0,65.0,6.0,1080.0,2400.0,90.0,256.0
OnePlus,34999,84.0,Snapdragon,8.0,100.0,6.0,1080.0,2412.0,120.0,128.0
Redmi,18999,81.0,Snapdragon,6.0,67.0,6.0,1080.0,2400.0,120.0,128.0
Nothing,39990,88.0,Snapdragon,8.0,66.0,6.0,1080.0,2400.0,120.0,128.0
Samsung,16499,82.0,Helio,8.0,15.0,6.0,1080.0,2400.0,90.0,128.0
Nokia,6199,78.25824800910125,Snapdragon,512.0,46.329588014981276,2.0,240.0,320.0,111.63829787234043,4.0
Google,54300,89.0,Google,12.0,30.0,6.0,1440.0,3120.0,120.0,128.0
Infinix,9999,73.0,Helio,4.0,33.0,6.0,1080.0,2400.0,111.63829787234043,64.0
Xiaomi,15990,77.0,Dimensity,6.0,18.0,6.0,1080.0,2408.0,90.0,128.0
Xiaomi,22700,86.0,Snapdragon,8.0,67.0,6.0,1080.0,2400.0,120.0,128.0
Xiaomi,50990,89.0,Snapdragon,8.0,120.0,6.0,1440.0,3200.0,120.0,256.0
Apple,64900,79.0,Bionic,4.0,46.329588014981276,5.0,1080.0,2340.0,111.63829787234043,128.0
Tecno,13799,77.0,Helio,6.0,33.0,6.0,1080.0,2460.0,90.0,128.0
Realme,8999,65.0,Tiger,4.0,46.329588014981276,6.0,720.0,1600.0,111.63829787234043,64.0
Asus,89999,88.0,Snapdragon,18.0,65.0,6.0,1080.0,2448.0,165.0,512.0
Vivo,21994,84.0,Dimensity,8.0,44.0,6.0,1080.0,2400.0,111.63829787234043,128.0
Apple,69990,70.0,Bionic,6.0,46.329588014981276,5.0,1080.0,2340.0,111.63829787234043,128.0
Xiaomi,12999,75.0,Dimensity,4.0,18.0,6.0,1080.0,2400.0,90.0,64.0
iQOO,24990,83.0,Dimensity,8.0,120.0,6.0,1080.0,2400.0,120.0,128.0
Samsung,19990,82.0,Snapdragon,8.0,25.0,6.0,1080.0,2408.0,111.63829787234043,128.0
Xiaomi,26999,82.0,Dimensity,8.0,67.0,6.0,1080.0,2400.0,120.0,128.0
Xiaomi,19999,81.0,Snapdragon,8.0,67.0,6.0,1080.0,2400.0,120.0,128.0
Infinix,16900,83.0,Helio,8.0,33.0,6.0,1080.0,2400.0,111.63829787234043,256.0
Infinix,19999,78.0,Dimensity,6.0,18.0,6.0,1080.0,2408.0,120.0,128.0
Apple,182999,78.0,Bionic,6.0,46.329588014981276,6.0,1290.0,2796.0,120.0,1.0
Samsung,12999,75.0,Exynos,6.0,15.0,6.0,1080.0,2400.0,111.63829787234043,128.0
Poco,15999,82.0,Dimensity,8.0,33.0,6.0,1080.0,2400.0,90.0,128.0
Xiaomi,13999,82.0,Helio,8.0,33.0,6.0,1080.0,2400.0,111.63829787234043,128.0
Realme,7749,61.0,"SC9863A,",4.0,46.329588014981276,6.0,720.0,1600.0,111.63829787234043,64.0
Samsung,24999,81.0,Snapdragon,8.0,25.0,6.0,1080.0,2408.0,120.0,128.0
Motorola,59999,78.25824800910125,Snapdragon,12.0,125.0,6.0,1080.0,2400.0,144.0,256.0
OPPO,25895,82.0,Snapdragon,8.0,33.0,6.0,1080.0,2400.0,111.63829787234043,128.0
Xiaomi,46990,89.0,Snapdragon,8.0,67.0,6.0,1080.0,2400.0,120.0,128.0
Xiaomi,7499,64.0,Helio,3.0,46.329588014981276,6.0,720.0,1600.0,111.63829787234043,32.0
Vivo,7790,60.0,Helio,2.0,10.0,6.0,720.0,1600.0,111.63829787234043,32.0
Xiaomi,25999,85.0,Dimensity,8.0,67.0,6.0,1080.0,2460.0,144.0,256.0
Realme,6299,60.0,Tiger,3.0,46.329588014981276,6.0,720.0,1600.0,111.63829787234043,32.0
Motorola,12999,77.0,Snapdragon,4.0,46.329588014981276,6.0,1080.0,2400.0,120.0,64.0
Xiaomi,11999,75.0,Snapdragon,6.0,18.0,6.0,720.0,1600.0,111.63829787234043,128.0
Xiaomi,21890,83.0,Snapdragon,6.0,33.0,6.0,1080.0,2400.0,90.0,128.0
Samsung,69999,84.0,Snapdragon,8.0,15.0,6.0,1080.0,2640.0,120.0,128.0
Apple,55999,75.0,Bionic,4.0,1.0,5.921406411582213,1060.9148936170213,2179.227963525836,111.63829787234043,128.0
OnePlus,55999,87.0,Snapdragon,16.0,150.0,6.0,1080.0,2412.0,120.0,256.0
Samsung,14999,75.0,Octa,4.0,25.0,6.0,1080.0,2408.0,111.63829787234043,128.0
OPPO,25994,85.0,Dimensity,8.0,65.0,6.0,1080.0,2400.0,90.0,256.0
OnePlus,42999,85.0,Snapdragon,8.0,46.329588014981276,6.0,1080.0,2400.0,120.0,128.0
Samsung,33499,89.0,Exynos,8.0,25.0,6.0,1080.0,2400.0,120.0,128.0
Samsung,118999,78.25824800910125,Snapdragon,12.0,45.0,6.0,1440.0,3080.0,120.0,512.0
Motorola,16999,80.0,Snapdragon,6.0,33.0,6.0,1080.0,2400.0,111.63829787234043,128.0
itel,6990,78.25824800910125,Quad,2.0,46.329588014981276,6.0,1600.0,720.0,111.63829787234043,32.0
Vivo,29990,82.0,Dimensity,8.0,66.0,5.921406411582213,1080.0,2400.0,120.0,128.0
Samsung,12944,71.0,Dimensity,4.0,15.0,6.0,720.0,1600.0,90.0,64.0
POCO,29990,84.0,Dimensity,8.0,80.0,6.0,1080.0,2400.0,144.0,128.0
Honor,16999,80.0,Snapdragon,8.0,66.0,6.0,1080.0,2388.0,111.63829787234043,128.0
iQOO,64999,89.0,Snapdragon,16.0,120.0,6.0,1440.0,3200.0,144.0,256.0
Samsung,154998,78.25824800910125,Snapdragon,12.0,25.0,7.0,1812.0,2176.0,120.0,256.0
Royole,109999,87.0,Snapdragon,8.0,46.329588014981276,7.0,1440.0,1920.0,111.63829787234043,128.0
Apple,84999,83.0,Bionic,6.0,46.329588014981276,6.0,1284.0,2778.0,111.63829787234043,256.0
Samsung,27499,85.0,Exynos,8.0,25.0,6.0,1080.0,2400.0,90.0,128.0
Tecno,8999,69.0,Helio,6.0,46.329588014981276,6.0,720.0,1600.0,90.0,128.0
Google,40480,84.0,Google,8.0,30.0,6.0,1080.0,2400.0,90.0,128.0
Xiaomi,17999,81.0,Snapdragon,6.0,33.0,6.0,1080.0,2400.0,120.0,128.0
Samsung,105999,78.25824800910125,Exynos,12.0,25.0,6.0,1440.0,3200.0,120.0,256.0
Infinix,8999,67.0,Helio,4.0,18.0,6.0,720.0,1640.0,90.0,64.0
Vivo,14999,77.0,Snapdragon,6.0,18.0,6.0,1080.0,2408.0,90.0,128.0
OPPO,19990,82.0,Snapdragon,8.0,33.0,6.0,1080.0,2400.0,90.0,128.0
iQOO,23399,80.0,Snapdragon,8.0,66.0,6.0,1080.0,2404.0,90.0,128.0
Samsung,41990,78.25824800910125,Snapdragon,8.0,25.0,6.0,1080.0,2400.0,120.0,256.0
Realme,22998,82.0,Snapdragon,8.0,30.0,6.0,1080.0,2412.0,144.0,128.0
Poco,25999,82.0,Snapdragon,6.0,67.0,6.0,1080.0,2400.0,120.0,128.0
Infinix,11700,74.0,Helio,4.0,33.0,6.0,2400.0,1080.0,111.63829787234043,64.0
Samsung,6499,78.25824800910125,Unisoc,2.0,46.329588014981276,6.0,720.0,1600.0,111.63829787234043,32.0
Motorola,15999,84.0,Snapdragon,6.0,20.0,6.0,1080.0,2460.0,120.0,128.0
OnePlus,64800,89.0,Snapdragon,8.0,65.0,6.0,1440.0,3216.0,120.0,128.0
Xiaomi,14590,80.0,Helio,6.0,33.0,6.0,1080.0,2400.0,90.0,64.0
Xiaomi,7499,68.0,Helio,4.0,46.329588014981276,6.0,720.0,1600.0,111.63829787234043,64.0
Tecno,21999,82.0,Dimensity,8.0,33.0,6.0,1080.0,2460.0,120.0,128.0
Samsung,11999,71.0,Helio,4.0,46.329588014981276,6.0,720.0,1600.0,111.63829787234043,64.0
POCO,12999,79.0,Helio,6.0,33.0,6.0,1080.0,2400.0,90.0,128.0
OnePlus,20990,81.0,Snapdragon,6.0,33.0,6.0,1080.0,2400.0,111.63829787234043,128.0
Apple,72999,79.0,Bionic,4.0,46.329588014981276,6.0,1170.0,2532.0,111.63829787234043,256.0
Oppo,77990,78.25824800910125,Snapdragon,12.0,120.0,6.0,1080.0,2400.0,120.0,256.0
Vivo,56999,78.25824800910125,Dimensity,8.0,120.0,6.0,1260.0,2800.0,120.0,256.0
Motorola,21999,79.0,Snapdragon,4.0,10.0,6.0,720.0,1600.0,120.0,128.0
Motorola,9499,75.0,Helio,4.0,20.0,6.0,720.0,1600.0,90.0,64.0
Xiaomi,7499,66.0,Helio,4.0,10.0,6.0,720.0,1600.0,111.63829787234043,64.0
Jio,4649,78.25824800910125,Qualcomm,2.0,46.329588014981276,5.0,720.0,1440.0,111.63829787234043,32.0
Vivo,18000,62.0,Helio,4.0,46.329588014981276,6.0,1520.0,720.0,111.63829787234043,32.0
Xiaomi,38999,85.0,Snapdragon,8.0,120.0,6.0,1440.0,3200.0,120.0,128.0
Realme,7145,78.25824800910125,Unisoc,2.0,10.0,6.0,720.0,1600.0,111.63829787234043,32.0
Vivo,14990,77.0,Snapdragon,8.0,18.0,6.0,1612.0,720.0,90.0,128.0
OPPO,15499,70.0,Helio,4.0,33.0,6.0,720.0,1600.0,111.63829787234043,64.0
Xiaomi,9999,69.0,Helio,6.0,46.329588014981276,6.0,720.0,1600.0,111.63829787234043,128.0
Poco,29999,86.0,Snapdragon,12.0,67.0,6.0,1080.0,2400.0,120.0,256.0
Realme,15999,84.0,Snapdragon,8.0,33.0,6.0,1080.0,2400.0,90.0,128.0
Xiaomi,59990,89.0,Snapdragon,8.0,120.0,6.0,1220.0,2712.0,120.0,128.0
iQOO,34990,84.0,Snapdragon,8.0,120.0,6.0,1080.0,2376.0,120.0,128.0
Apple,45999,75.0,Bionic,4.0,4.0,5.921406411582213,1060.9148936170213,2179.227963525836,111.63829787234043,128.0
Samsung,119990,85.0,Snapdragon,12.0,45.0,6.0,1200.0,2860.0,144.0,256.0
OPPO,89990,88.0,Dimensity,8.0,44.0,6.0,1200.0,2400.0,120.0,128.0
OnePlus,50999,87.0,Snapdragon,12.0,150.0,6.0,1080.0,2412.0,120.0,256.0
Tecno,7999,65.0,Helio,4.0,46.329588014981276,6.0,720.0,1600.0,90.0,64.0
Samsung,43999,88.0,Exynos,8.0,25.0,6.0,1080.0,2340.0,120.0,256.0
Xiaomi,18499,83.0,Dimensity,8.0,33.0,6.0,1080.0,2400.0,90.0,128.0
Sony,134999,78.25824800910125,Snapdragon,12.0,30.0,6.0,1644.0,3840.0,120.0,512.0
Vivo,32999,85.0,Snapdragon,8.0,33.0,6.0,1080.0,2400.0,111.63829787234043,128.0
Poco,13499,80.0,Snapdragon,6.0,33.0,6.0,1080.0,2400.0,120.0,64.0
Samsung,35489,86.0,Exynos,8.0,25.0,6.0,1080.0,2400.0,120.0,128.0
Google,20120,78.0,Snapdragon,6.0,46.329588014981276,5.0,1080.0,2280.0,111.63829787234043,64.0
Samsung,42999,81.0,Exynos,8.0,15.0,6.0,1440.0,3040.0,111.63829787234043,128.0
Nokia,4649,78.25824800910125,No,107.0,128.0,5.921406411582213,1060.9148936170213,2179.227963525836,111.63829787234043,134.6359077231695
Realme,24999,78.0,Dimensity,6.0,66.0,6.0,1080.0,2400.0,90.0,128.0
OPPO,20999,82.0,Snapdragon,8.0,33.0,6.0,1080.0,2400.0,90.0,128.0
Realme,28994,84.0,Snapdragon,8.0,65.0,6.0,1080.0,2400.0,120.0,128.0
Samsung,48900,88.0,Exynos,8.0,25.0,6.0,1080.0,2400.0,120.0,128.0
Samsung,22494,86.0,Snapdragon,8.0,25.0,6.0,1080.0,2400.0,111.63829787234043,128.0
Vivo,8990,61.0,Helio,3.0,10.0,6.0,720.0,1600.0,111.63829787234043,32.0
Letv,6999,78.25824800910125,"Unisoc,",4.0,46.329588014981276,6.0,720.0,1560.0,111.63829787234043,32.0
Tecno,8890,63.0,Unisoc,4.0,46.329588014981276,6.0,720.0,1612.0,90.0,64.0
iQOO,18498,82.0,Snapdragon,8.0,18.0,6.0,1080.0,2408.0,120.0,128.0
Vivo,23999,81.0,Snapdragon,6.0,66.0,6.0,1080.0,2404.0,90.0,128.0
Realme,22994,81.0,Dimensity,8.0,60.0,6.0,1080.0,2400.0,90.0,128.0
Samsung,12990,71.0,Exynos,4.0,15.0,6.0,720.0,1600.0,90.0,64.0
Realme,14999,78.0,Snapdragon,6.0,33.0,6.0,1080.0,2412.0,90.0,128.0
Realme,18499,80.0,Dimensity,8.0,18.0,6.0,1080.0,2400.0,90.0,128.0
OPPO,14990,78.0,Snapdragon,6.0,33.0,6.0,1080.0,2400.0,111.63829787234043,128.0
OPPO,70990,88.0,Dimensity,8.0,44.0,6.0,1080.0,2520.0,120.0,256.0
Samsung,12120,75.0,Helio,4.0,15.0,6.0,1080.0,2400.0,90.0,64.0
Oukitel,29990,84.0,Helio,8.0,33.0,6.0,1080.0,2400.0,111.63829787234043,256.0
Realme,20999,82.0,Snapdragon,8.0,33.0,6.0,1080.0,2412.0,120.0,128.0
Xiaomi,11999,80.0,Snapdragon,6.0,18.0,6.0,1080.0,2400.0,111.63829787234043,128.0
Samsung,17990,73.0,Dimensity,4.0,15.0,6.0,720.0,1600.0,90.0,64.0
Xiaomi,14990,77.0,Dimensity,4.0,33.0,6.0,1080.0,2400.0,90.0,128.0
itel,6490,78.25824800910125,Spreadtrum,1.0,46.329588014981276,6.0,1600.0,720.0,111.63829787234043,16.0
Jio,2999,78.25824800910125,Dual,512.0,46.329588014981276,2.0,320.0,240.0,111.63829787234043,4.0
Realme,34999,83.0,Snapdragon,8.0,240.0,6.0,1080.0,2412.0,120.0,128.0
Apple,149900,79.0,Bionic,8.0,46.329588014981276,6.0,1290.0,2796.0,120.0,128.0
Poco,6499,78.25824800910125,Helio,2.0,10.0,6.0,720.0,1600.0,111.63829787234043,32.0
Samsung,104999,78.25824800910125,Snapdragon,12.0,67.0,6.0,1440.0,3214.0,120.0,256.0
Realme,13999,75.0,Snapdragon,4.0,33.0,6.0,1080.0,2412.0,90.0,128.0
Xiaomi,16999,79.0,Dimensity,6.0,33.0,6.0,1080.0,2400.0,90.0,64.0
Vivo,79999,78.25824800910125,Snapdragon,12.0,80.0,6.0,1440.0,3200.0,120.0,256.0
OPPO,36760,87.0,Dimensity,12.0,65.0,6.0,1080.0,2400.0,90.0,256.0
Xiaomi,23499,81.0,Dimensity,6.0,67.0,6.0,2400.0,1080.0,120.0,128.0
Asus,75990,87.0,Snapdragon,18.0,120.0,6.0,1080.0,2448.0,165.0,256.0
Oppo,21990,76.0,Snapdragon,6.0,33.0,6.0,720.0,1600.0,90.0,128.0
Realme,18999,80.0,Snapdragon,6.0,30.0,6.0,1080.0,2412.0,144.0,128.0
Samsung,7249,66.0,Unisoc,3.0,15.0,6.0,720.0,1560.0,111.63829787234043,32.0
OnePlus,16990,75.0,Snapdragon,4.0,18.0,6.0,1080.0,2400.0,90.0,64.0
Xiaomi,23890,80.0,Snapdragon,6.0,33.0,6.0,1080.0,2400.0,120.0,128.0
OPPO,26380,83.0,Dimensity,8.0,65.0,6.0,1080.0,2400.0,90.0,128.0
Realme,27999,87.0,Snapdragon,12.0,65.0,6.0,1080.0,2400.0,90.0,256.0
Xiaomi,10850,70.0,Helio,6.0,46.329588014981276,6.0,720.0,1600.0,111.63829787234043,128.0
Redmi,19999,81.0,Snapdragon,6.0,67.0,6.0,1080.0,2400.0,120.0,128.0
Apple,129990,76.0,Bionic,6.0,46.329588014981276,6.0,1179.0,2556.0,120.0,256.0
Motorola,19990,81.0,Snapdragon,6.0,33.0,6.0,1080.0,2400.0,120.0,128.0
Motorola,41990,78.25824800910125,Snapdragon,8.0,125.0,6.0,1080.0,2400.0,144.0,128.0
Xiaomi,69990,78.25824800910125,Snapdragon,8.0,67.0,6.0,1440.0,3200.0,120.0,256.0
Honor,39990,88.0,Snapdragon,12.0,66.0,6.0,1080.0,2400.0,120.0,512.0
OnePlus,74999,78.25824800910125,Snapdragon,12.0,80.0,6.0,1440.0,3216.0,120.0,512.0
Vivo,36994,87.0,Dimensity,12.0,44.0,6.0,1080.0,2376.0,90.0,256.0
OPPO,14700,76.0,Helio,6.0,18.0,6.0,720.0,1600.0,111.63829787234043,128.0
Xiaomi,34990,86.0,Snapdragon,8.0,120.0,6.0,1080.0,2400.0,120.0,128.0
Nokia,34999,76.0,Snapdragon,6.0,33.0,6.0,1080.0,2400.0,111.63829787234043,64.0
Xiaomi,13990,75.0,Snapdragon,4.0,33.0,6.0,1080.0,2400.0,111.63829787234043,64.0
Vertu,650000,62.0,Snapdragon,2.0,46.329588014981276,4.0,1080.0,1920.0,111.63829787234043,64.0
Samsung,14859,79.0,Helio,6.0,15.0,6.0,1080.0,2400.0,90.0,128.0
Tecno,17999,84.0,Helio,8.0,33.0,6.0,1080.0,2460.0,120.0,128.0
Poco,34990,85.0,Snapdragon,8.0,67.0,6.0,1080.0,2400.0,120.0,128.0
BLU,14990,85.0,Dimensity,8.0,46.329588014981276,6.0,1080.0,2460.0,111.63829787234043,128.0
OPPO,8999,65.0,Helio,3.0,46.329588014981276,6.0,720.0,1600.0,111.63829787234043,32.0
Motorola,8999,71.0,Helio,4.0,10.0,6.0,720.0,1600.0,90.0,64.0
Xiaomi,15824,84.0,Helio,8.0,33.0,6.0,1080.0,2400.0,90.0,128.0
Apple,43900,78.25824800910125,Bionic,64.0,7.0,5.921406411582213,1060.9148936170213,2179.227963525836,111.63829787234043,134.6359077231695
Samsung,22494,86.0,Snapdragon,8.0,25.0,6.0,1080.0,2400.0,90.0,128.0
Poco,19650,82.0,Snapdragon,6.0,33.0,6.0,1080.0,2400.0,120.0,128.0
Xiaomi,6999,61.0,Helio,2.0,46.329588014981276,6.0,720.0,1600.0,111.63829787234043,32.0
Samsung,16499,80.0,Helio,6.0,15.0,6.0,1080.0,2400.0,90.0,128.0
Motorola,15999,75.0,Helio,4.0,10.0,6.0,720.0,1600.0,90.0,128.0
Asus,72999,88.0,Dimensity,16.0,65.0,6.0,1080.0,2448.0,165.0,256.0
Xiaomi,26999,84.0,Dimensity,6.0,120.0,6.0,1080.0,2400.0,120.0,128.0
Infinix,6999,78.25824800910125,Helio,2.0,46.329588014981276,6.0,720.0,1600.0,111.63829787234043,32.0
Apple,130990,75.0,Bionic,8.0,6.0,5.921406411582213,1060.9148936170213,2179.227963525836,111.63829787234043,128.0
Realme,12787,71.0,Tiger,4.0,18.0,6.0,1080.0,2408.0,90.0,128.0
Infinix,9999,72.0,Helio,4.0,18.0,6.0,720.0,1640.0,90.0,64.0
Vivo,54999,86.0,Dimensity,8.0,80.0,6.0,1080.0,2400.0,120.0,128.0
Vivo,15490,79.0,Helio,8.0,19.0,6.0,1080.0,2408.0,111.63829787234043,128.0
Tecno,25999,84.0,Helio,8.0,33.0,6.0,1080.0,2340.0,90.0,256.0
Samsung,9499,68.0,Helio,4.0,15.0,6.0,720.0,1600.0,111.63829787234043,128.0
Redmi,7999,70.0,Helio,4.0,46.329588014981276,6.0,720.0,1650.0,111.63829787234043,64.0
Asus,63990,86.0,Snapdragon,8.0,30.0,5.0,1080.0,2400.0,120.0,128.0
Sony,15990,73.0,Helio,4.0,46.329588014981276,6.0,720.0,1680.0,111.63829787234043,64.0
iQOO,34949,85.0,Snapdragon,12.0,66.0,6.0,1080.0,2400.0,120.0,256.0
Tecno,8799,72.0,Helio,4.0,33.0,6.0,1080.0,2460.0,111.63829787234043,64.0
Xiaomi,12390,74.0,Helio,4.0,18.0,6.0,1080.0,2400.0,90.0,64.0
Samsung,11499,73.0,Helio,4.0,46.329588014981276,6.0,720.0,1600.0,90.0,64.0
Xiaomi,199990,78.25824800910125,Snapdragon,12.0,40.0,7.0,2088.0,2250.0,111.63829787234043,512.0
OPPO,42990,86.0,Dimensity,16.0,120.0,6.0,1080.0,2412.0,120.0,256.0
Nubia,34999,82.0,Snapdragon,8.0,80.0,6.0,1080.0,2400.0,144.0,128.0
Samsung,11999,75.0,Exynos,4.0,15.0,6.0,2408.0,1080.0,111.63829787234043,128.0
Nokia,10499,70.0,Unisoc,4.0,10.0,6.0,720.0,1600.0,90.0,64.0
Infinix,8910,66.0,Tiger,4.0,18.0,6.0,1640.0,720.0,90.0,64.0
Vivo,24990,85.0,Snapdragon,8.0,80.0,6.0,1080.0,2400.0,120.0,128.0
OPPO,17999,84.0,Snapdragon,8.0,33.0,6.0,1080.0,2400.0,111.63829787234043,128.0
Xiaomi,22999,86.0,Snapdragon,8.0,33.0,6.0,1080.0,2400.0,90.0,128.0
Realme,6490,78.25824800910125,Unisoc,2.0,46.329588014981276,6.0,720.0,1600.0,111.63829787234043,32.0
Infinix,21990,85.0,Helio,8.0,45.0,6.0,1080.0,2400.0,120.0,128.0
Nokia,1762,78.25824800910125,No,128.0,46.329588014981276,1.0,120.0,160.0,111.63829787234043,48.0
Samsung,12364,76.0,Helio,4.0,15.0,6.0,1080.0,2400.0,90.0,64.0
Samsung,39990,86.0,Snapdragon,6.0,25.0,6.0,1440.0,3200.0,120.0,128.0
Xiaomi,11999,77.0,Snapdragon,6.0,46.329588014981276,6.0,1080.0,2246.0,111.63829787234043,64.0
Vivo,7499,78.25824800910125,Helio,1.0,46.329588014981276,4.0,480.0,854.0,111.63829787234043,16.0
Lyf,3990,60.0,Snapdragon,3.0,46.329588014981276,5.0,1080.0,1920.0,111.63829787234043,32.0
Motorola,10499,65.0,Tiger,2.0,10.0,6.0,720.0,1600.0,111.63829787234043,64.0
Tecno,6299,78.25824800910125,Helio,2.0,46.329588014981276,6.0,720.0,1600.0,111.63829787234043,32.0
Itel,5990,78.25824800910125,Unisoc,2.0,46.329588014981276,5.921406411582213,854.0,480.0,111.63829787234043,32.0
Vivo,113990,78.25824800910125,Snapdragon,12.0,80.0,8.0,1916.0,2160.0,120.0,256.0
Huawei,239999,81.0,Snapdragon,512.0,66.0,6.0,1212.0,2616.0,120.0,134.6359077231695
Samsung,21999,84.0,Dimensity,6.0,33.0,6.0,1080.0,2400.0,111.63829787234043,128.0
iQOO,15999,80.0,Snapdragon,6.0,44.0,6.0,1080.0,2400.0,120.0,128.0
Nokia,6899,78.25824800910125,Snapdragon,512.0,46.329588014981276,2.0,240.0,320.0,111.63829787234043,4.0
Sony,69990,86.0,Snapdragon,8.0,21.0,6.0,1080.0,2520.0,120.0,128.0
Vivo,12990,71.0,Helio,4.0,46.329588014981276,6.0,720.0,1544.0,111.63829787234043,128.0
Sony,92980,78.25824800910125,Snapdragon,12.0,30.0,6.0,1644.0,3840.0,120.0,512.0
Tecno,15999,74.0,Helio,8.0,45.0,6.0,720.0,1600.0,90.0,256.0
Huawei,23999,84.0,Sanpdragon,8.0,66.0,6.0,1080.0,2160.0,90.0,256.0
Vivo,12999,75.0,Snapdragon,4.0,18.0,6.0,1080.0,2408.0,90.0,128.0
Nubia,60990,86.0,Snapdragon,12.0,135.0,6.0,1080.0,2400.0,120.0,256.0
Motorola,8859,67.0,Helio,4.0,18.0,6.0,720.0,1600.0,90.0,64.0
iQOO,33749,84.0,Snapdragon,12.0,80.0,6.0,1080.0,2400.0,120.0,256.0
Samsung,15990,63.0,Octa,6.0,46.329588014981276,6.0,720.0,1600.0,111.63829787234043,64.0
POCO,24990,84.0,Dimensity,8.0,67.0,6.0,1080.0,2460.0,144.0,128.0
Realme,14999,76.0,Dimensity,4.0,33.0,6.0,1080.0,2400.0,90.0,128.0
Vivo,17990,76.0,Dimensity,6.0,80.0,6.0,1080.0,2388.0,120.0,128.0
Honor,24990,75.0,Dimensity,8.0,66.0,6.0,1080.0,2340.0,120.0,128.0
Xiaomi,11600,74.0,Helio,4.0,18.0,6.0,1080.0,2400.0,90.0,64.0
Realme,8299,62.0,Tiger,3.0,46.329588014981276,6.0,720.0,1600.0,111.63829787234043,32.0
Motorola,11999,78.0,Helio,6.0,20.0,6.0,1080.0,2400.0,111.63829787234043,128.0
Samsung,89999,88.0,Snapdragon,8.0,25.0,6.0,1080.0,2640.0,120.0,128.0
OnePlus,27999,77.0,Snapdragon,8.0,46.329588014981276,6.0,1080.0,2280.0,111.63829787234043,128.0
Google,15990,69.0,Snapdragon,4.0,46.329588014981276,5.921406411582213,1440.0,2880.0,111.63829787234043,128.0
Xiaomi,7289,60.0,Helio,2.0,10.0,6.0,720.0,1600.0,111.63829787234043,32.0
Honor,30990,86.0,Snapdragon,8.0,66.0,6.0,1080.0,2400.0,120.0,256.0
Realme,15499,77.0,Helio,6.0,33.0,6.0,1080.0,2412.0,120.0,128.0
Vivo,8499,66.0,Helio,3.0,46.329588014981276,6.0,720.0,1600.0,111.63829787234043,32.0
Samsung,14490,80.0,Helio,6.0,15.0,6.0,1080.0,2400.0,90.0,128.0
Samsung,15490,80.0,Dimensity,6.0,15.0,6.0,1080.0,2408.0,90.0,128.0
Realme,14990,78.0,Snapdragon,6.0,60.0,6.0,1080.0,2412.0,120.0,128.0
POCO,15999,75.0,Dimensity,4.0,18.0,6.0,1080.0,2400.0,90.0,64.0
Google,36000,82.0,Snapdragon,8.0,18.0,5.921406411582213,1080.0,2340.0,90.0,128.0
OnePlus,69999,78.25824800910125,Snapdragon,12.0,150.0,6.0,1440.0,3412.0,144.0,256.0
Xiaomi,26990,86.0,Dimensity,8.0,210.0,6.0,1080.0,2400.0,120.0,256.0
Samsung,10630,71.0,Exynos,4.0,15.0,6.0,1080.0,2400.0,111.63829787234043,64.0
Oppo,42990,85.0,Dimensity,8.0,80.0,6.0,1080.0,2412.0,120.0,256.0
Vivo,24990,77.0,Dimensity,8.0,46.329588014981276,6.0,1080.0,2400.0,90.0,128.0
iQOO,14489,77.0,Snapdragon,4.0,44.0,6.0,1080.0,2400.0,120.0,128.0
OPPO,16490,73.0,Snapdragon,6.0,33.0,6.0,720.0,1612.0,90.0,128.0
Realme,24494,82.0,Dimensity,8.0,60.0,6.0,1080.0,2400.0,90.0,256.0
Vivo,7999,61.0,Helio,2.0,46.329588014981276,6.0,720.0,1600.0,111.63829787234043,32.0
Motorola,23990,85.0,Snapdragon,6.0,33.0,6.0,1080.0,2460.0,144.0,128.0
Realme,49959,89.0,Snapdragon,8.0,65.0,6.0,1440.0,3216.0,120.0,128.0
Apple,129900,83.0,Bionic,6.0,46.329588014981276,6.0,1170.0,2532.0,120.0,256.0
Vivo,19990,80.0,Helio,8.0,33.0,6.0,1080.0,2400.0,111.63829787234043,128.0
Samsung,14990,67.0,Octa,4.0,25.0,6.0,2408.0,1080.0,111.63829787234043,64.0
Vivo,23269,85.0,Snapdragon,8.0,33.0,6.0,1080.0,2400.0,111.63829787234043,128.0
Xiaomi,13999,75.0,Snapdragon,4.0,18.0,6.0,1080.0,2400.0,111.63829787234043,64.0
Samsung,1949,78.25824800910125,No,208.0,46.329588014981276,5.921406411582213,128.0,160.0,111.63829787234043,134.6359077231695
Itel,2799,78.25824800910125,1,64.0,46.329588014981276,2.0,320.0,240.0,111.63829787234043,128.0
OnePlus,35389,85.0,Dimensity,8.0,80.0,6.0,1080.0,2412.0,120.0,128.0
Google,79700,78.25824800910125,Google,12.0,30.0,6.0,1440.0,3120.0,120.0,256.0
Nokia,9499,62.0,Unisoc,3.0,10.0,6.0,720.0,1600.0,111.63829787234043,32.0
Infinix,12340,76.0,Tiger,8.0,18.0,6.0,720.0,1612.0,90.0,128.0
Poco,10799,74.0,Helio,4.0,18.0,6.0,1080.0,2400.0,90.0,64.0
Xiaomi,14990,73.0,Snapdragon,4.0,18.0,6.0,720.0,1600.0,111.63829787234043,128.0
ZTE,61990,89.0,Snapdragon,8.0,65.0,6.0,1116.0,2480.0,120.0,128.0
Xiaomi,51880,78.25824800910125,Snapdragon,12.0,120.0,6.0,1440.0,3200.0,120.0,256.0
OPPO,16990,80.0,Snapdragon,8.0,33.0,6.0,1080.0,2412.0,90.0,128.0
Huawei,19990,84.0,Snapdragon,8.0,66.0,6.0,1080.0,2388.0,90.0,128.0
Samsung,57999,87.0,Snapdragon,8.0,25.0,6.0,1080.0,2340.0,120.0,256.0
Lenovo,46990,87.0,Snapdragon,12.0,68.0,6.0,1080.0,2460.0,144.0,256.0
Vivo,20990,77.0,Dimensity,4.0,18.0,6.0,1080.0,2408.0,111.63829787234043,128.0
Nokia,17990,82.0,Snapdragon,6.0,18.0,6.0,1080.0,2400.0,111.63829787234043,128.0
Realme,17499,82.0,Dimensity,8.0,33.0,6.0,1080.0,2400.0,90.0,128.0
Realme,17999,80.0,Dimensity,6.0,33.0,6.0,1080.0,2400.0,90.0,128.0
Nokia,49990,78.25824800910125,Snapdragon,8.0,44.0,6.0,1080.0,2408.0,144.0,128.0
itel,2399,78.25824800910125,No,117.0,128.0,5.921406411582213,1060.9148936170213,2179.227963525836,111.63829787234043,134.6359077231695
Poco,14999,74.0,Snapdragon,4.0,33.0,6.0,1080.0,2400.0,120.0,128.0
Xiaomi,19980,82.0,Snapdragon,6.0,33.0,6.0,1080.0,2400.0,120.0,128.0
iQOO,35990,85.0,Snapdragon,12.0,66.0,6.0,1080.0,2400.0,120.0,256.0
Realme,15999,78.0,Helio,4.0,30.0,6.0,1080.0,2400.0,111.63829787234043,128.0
Samsung,41999,88.0,Exynos,8.0,25.0,6.0,1440.0,3200.0,120.0,128.0
Xiaomi,25999,83.0,Dimensity,8.0,67.0,6.0,1440.0,3200.0,120.0,128.0
Motorola,7990,65.0,Helio,3.0,18.0,6.0,720.0,1600.0,90.0,32.0
OnePlus,29990,84.0,Dimensity,8.0,80.0,6.0,1080.0,2400.0,90.0,128.0
OPPO,27990,83.0,Snapdragon,8.0,65.0,6.0,1080.0,2460.0,90.0,128.0
Poco,29999,84.0,Snapdragon,8.0,67.0,6.0,1440.0,3200.0,120.0,128.0
OPPO,8999,68.0,Helio,4.0,46.329588014981276,6.0,720.0,1600.0,111.63829787234043,64.0
POCO,13999,81.0,Helio,8.0,33.0,6.0,1080.0,2400.0,90.0,128.0
Realme,11499,71.0,Helio,4.0,18.0,6.0,720.0,1600.0,111.63829787234043,64.0
Asus,39999,87.0,Snapdragon,8.0,65.0,6.0,1080.0,2448.0,144.0,128.0
Realme,27999,84.0,Snapdragon,8.0,65.0,6.0,1080.0,2400.0,120.0,128.0
Samsung,24499,79.0,Dimensity,6.0,15.0,6.0,720.0,1600.0,90.0,128.0
Nubia,60999,86.0,Snapdragon,12.0,165.0,6.0,1116.0,2480.0,120.0,256.0
Samsung,110999,89.0,Snapdragon,12.0,25.0,7.0,1768.0,2208.0,120.0,256.0
LG,54999,89.0,Snapdragon,8.0,46.329588014981276,6.0,1080.0,2460.0,111.63829787234043,128.0
Xiaomi,16490,80.0,Snapdragon,6.0,33.0,6.0,1080.0,2400.0,111.63829787234043,64.0
Samsung,24990,83.0,Snapdragon,6.0,25.0,6.0,1080.0,2400.0,90.0,128.0
Nokia,1299,78.25824800910125,No,4.0,46.329588014981276,1.0,120.0,160.0,111.63829787234043,4.0
Vivo,25000,78.25824800910125,Snapdragon,3.0,46.329588014981276,5.921406411582213,720.0,1440.0,111.63829787234043,16.0
Lyf,1999,78.25824800910125,Snapdragon,1.0,46.329588014981276,4.0,480.0,854.0,111.63829787234043,8.0
Samsung,9950,66.0,Helio,3.0,46.329588014981276,6.0,720.0,1600.0,111.63829787234043,64.0
Oppo,12999,75.0,Dimensity,8.0,46.329588014981276,6.0,720.0,1612.0,111.63829787234043,128.0
Oppo,19999,83.0,Helio,8.0,66.0,6.0,1080.0,2400.0,120.0,256.0
OPPO,32999,84.0,Snapdragon,8.0,120.0,6.0,1080.0,2412.0,120.0,256.0
Nokia,28498,81.0,Snapdragon,6.0,20.0,6.0,1080.0,2400.0,120.0,128.0
OPPO,15998,71.0,Helio,4.0,33.0,6.0,720.0,1600.0,111.63829787234043,128.0
Nokia,3749,78.25824800910125,No,107.0,128.0,5.921406411582213,1060.9148936170213,2179.227963525836,111.63829787234043,134.6359077231695
Motorola,59990,89.0,Snapdragon,8.0,125.0,6.0,1080.0,2460.0,165.0,128.0
Oppo,16990,78.0,Snapdragon,6.0,67.0,6.0,1080.0,2412.0,120.0,128.0
iQOO,27999,82.0,Snapdragon,12.0,66.0,6.0,1080.0,2404.0,90.0,256.0
Nokia,13499,75.0,Unisoc,6.0,18.0,6.0,720.0,1600.0,90.0,128.0
Samsung,16499,78.0,Octa,6.0,25.0,6.0,1080.0,2408.0,111.63829787234043,128.0
OPPO,10999,66.0,Helio,4.0,46.329588014981276,6.0,720.0,1600.0,111.63829787234043,64.0
Xiaomi,13990,71.0,Snapdragon,4.0,18.0,6.0,720.0,1600.0,111.63829787234043,64.0
Tecno,9999,74.0,Helio,4.0,18.0,6.0,1080.0,2460.0,90.0,64.0
Realme,31994,83.0,Dimensity,8.0,80.0,6.0,1080.0,2412.0,120.0,128.0
Xiaomi,24820,83.0,Dimensity,6.0,120.0,6.0,2400.0,1080.0,120.0,128.0
iQOO,22990,83.0,Snapdragon,8.0,80.0,6.0,1080.0,2400.0,120.0,128.0
iQOO,59990,88.0,Snapdragon,8.0,120.0,6.0,1440.0,3200.0,120.0,256.0
Realme,8999,62.0,Unisoc,4.0,46.329588014981276,6.0,720.0,1600.0,111.63829787234043,64.0
Xiaomi,10499,72.0,Helio,6.0,46.329588014981276,6.0,720.0,1600.0,111.63829787234043,128.0
Jio,7499,78.25824800910125,Qualcomm,3.0,46.329588014981276,5.0,720.0,1440.0,111.63829787234043,32.0
Xiaomi,9990,75.0,Helio,4.0,18.0,6.0,1080.0,2340.0,111.63829787234043,64.0
Xiaomi,12490,76.0,Dimensity,4.0,18.0,6.0,1080.0,2400.0,90.0,128.0
Vivo,13990,69.0,Helio,4.0,18.0,6.0,720.0,1600.0,111.63829787234043,64.0
Samsung,17990,79.0,Dimensity,6.0,15.0,6.0,1080.0,2408.0,90.0,128.0
Vivo,24999,83.0,Dimensity,8.0,33.0,6.0,1080.0,2400.0,90.0,128.0
Realme,21999,85.0,Snapdragon,8.0,65.0,6.0,1080.0,2400.0,111.63829787234043,128.0
OnePlus,19999,77.0,Snapdragon,8.0,30.0,6.0,1080.0,2400.0,90.0,128.0
Samsung,99999,78.25824800910125,Exynos,12.0,45.0,6.0,1440.0,3200.0,111.63829787234043,128.0
Apple,109900,77.0,A13,4.0,18.0,6.0,1242.0,2688.0,111.63829787234043,64.0
Apple,52990,78.25824800910125,Fusion,3.0,46.329588014981276,4.0,750.0,1334.0,111.63829787234043,32.0
Namotel,99,78.25824800910125,1,1325.0,720.0,5.921406411582213,1060.9148936170213,2179.227963525836,111.63829787234043,134.6359077231695
Sony,19990,80.0,Snapdragon,8.0,33.0,6.0,1080.0,2400.0,120.0,128.0
Samsung,11499,69.0,Helio,4.0,46.329588014981276,6.0,720.0,1600.0,111.63829787234043,128.0
Eunity,699,78.25824800910125,No,500.0,32.0,5.921406411582213,1060.9148936170213,2179.227963525836,111.63829787234043,134.6359077231695
Xiaomi,13999,75.0,Helio,4.0,33.0,6.0,1080.0,2400.0,120.0,64.0
Oukitel,22990,82.0,Helio,12.0,66.0,6.0,1080.0,2400.0,120.0,256.0
Vivo,28990,84.0,Snapdragon,8.0,80.0,6.0,1080.0,2400.0,120.0,256.0
Poco,27999,85.0,Snapdragon,8.0,67.0,6.0,1080.0,2400.0,120.0,128.0
Xiaomi,19990,82.0,Dimensity,6.0,67.0,6.0,1080.0,2460.0,144.0,128.0
Realme,22999,83.0,Dimensity,8.0,33.0,6.0,1080.0,2400.0,90.0,128.0
Vivo,17999,82.0,Snapdragon,8.0,44.0,6.0,1080.0,2408.0,111.63829787234043,128.0
Xiaomi,15499,81.0,Helio,6.0,33.0,6.0,1080.0,2400.0,90.0,128.0
Lava,17990,84.0,Dimensity,8.0,30.0,6.0,1080.0,2460.0,90.0,128.0
Realme,13999,77.0,Helio,6.0,18.0,6.0,1080.0,2412.0,120.0,128.0
OPPO,13499,73.0,Helio,4.0,18.0,6.0,720.0,1600.0,111.63829787234043,64.0
POCO,14799,79.0,Dimensity,6.0,18.0,6.0,1080.0,2400.0,90.0,128.0
Realme,6999,62.0,Unisoc,3.0,46.329588014981276,6.0,720.0,1600.0,111.63829787234043,32.0
OPPO,11999,69.0,Helio,4.0,46.329588014981276,6.0,720.0,1600.0,111.63829787234043,64.0
Vivo,23994,85.0,Dimensity,8.0,33.0,6.0,1080.0,2400.0,90.0,128.0
Nokia,3589,78.25824800910125,Unisoc,64.0,46.329588014981276,2.0,240.0,320.0,111.63829787234043,128.0
Apple,139900,80.0,Bionic,6.0,1.0,5.921406411582213,1060.9148936170213,2179.227963525836,111.63829787234043,512.0
Sony,69999,89.0,Snapdragon,8.0,21.0,6.0,1644.0,3840.0,111.63829787234043,256.0
Motorola,57999,89.0,Snapdragon,12.0,18.0,6.0,1080.0,2340.0,90.0,256.0
Samsung,86000,87.0,Exynos,8.0,25.0,6.0,1080.0,2400.0,111.63829787234043,256.0
Samsung,11999,71.0,Helio,4.0,15.0,6.0,720.0,1560.0,111.63829787234043,64.0
Xiaomi,14999,77.0,Snapdragon,6.0,67.0,6.0,1080.0,2400.0,120.0,128.0
Realme,26499,81.0,Snapdragon,8.0,80.0,6.0,1080.0,2400.0,120.0,128.0
Realme,8990,62.0,Unisoc,4.0,10.0,6.0,720.0,1600.0,111.63829787234043,64.0
Apple,95999,82.0,Bionic,6.0,46.329588014981276,6.0,1170.0,2532.0,111.63829787234043,512.0
iQOO,47990,85.0,Snapdragon,8.0,120.0,6.0,1080.0,2400.0,120.0,128.0
Tecno,17990,81.0,Helio,8.0,33.0,6.0,1080.0,2460.0,120.0,128.0
OnePlus,22999,83.0,Snapdragon,8.0,33.0,6.0,1080.0,2412.0,120.0,128.0
Nokia,1299,78.25824800910125,4,800.0,77.0,5.921406411582213,1060.9148936170213,2179.227963525836,111.63829787234043,134.6359077231695
Samsung,99990,78.25824800910125,Snapdragon,8.0,45.0,6.0,1440.0,3080.0,120.0,128.0
POCO,39999,86.0,Snapdragon,8.0,120.0,6.0,1080.0,2400.0,120.0,128.0
Xiaomi,38999,88.0,Snapdragon,12.0,120.0,6.0,1080.0,2400.0,120.0,256.0
Vivo,12490,63.0,Helio,4.0,46.329588014981276,6.0,720.0,1600.0,111.63829787234043,128.0
Nokia,5490,78.25824800910125,1450,3.0,5.0,5.921406411582213,1060.9148936170213,2179.227963525836,111.63829787234043,6.0
Samsung,39990,86.0,Snapdragon,6.0,25.0,6.0,1440.0,3200.0,120.0,128.0
Motorola,1339,78.25824800910125,4,1750.0,8.0,5.921406411582213,1060.9148936170213,2179.227963525836,111.63829787234043,134.6359077231695
Vivo,16685,80.0,Helio,8.0,18.0,6.0,1080.0,2408.0,111.63829787234043,128.0
Huawei,69990,78.25824800910125,Kirin,8.0,66.0,6.0,1344.0,2772.0,90.0,128.0
Micromax,6999,66.0,Unisoc,4.0,46.329588014981276,6.0,720.0,1600.0,111.63829787234043,64.0
Asus,71999,86.0,Snapdragon,12.0,65.0,6.0,1080.0,2448.0,165.0,256.0
Realme,26999,84.0,Dimensity,8.0,50.0,6.0,1080.0,2400.0,120.0,128.0
Realme,16499,75.0,Dimensity,4.0,18.0,6.0,1080.0,2400.0,90.0,128.0
OPPO,17990,74.0,Dimensity,6.0,46.329588014981276,6.0,720.0,1600.0,111.63829787234043,128.0
Xiaomi,8999,68.0,Helio,4.0,46.329588014981276,6.0,720.0,1600.0,111.63829787234043,64.0
Apple,39900,63.0,A13,3.0,18.0,4.0,750.0,1334.0,111.63829787234043,64.0
Zanco,2799,78.25824800910125,32,200.0,49.0,5.921406411582213,1060.9148936170213,2179.227963525836,111.63829787234043,134.6359077231695
Letv,5999,60.0,Tiger,6.0,10.0,6.0,720.0,1560.0,111.63829787234043,64.0
OnePlus,34999,76.0,Dimensity,8.0,120.0,6.0,1080.0,2400.0,120.0,128.0
Vivo,16990,77.0,Dimensity,8.0,44.0,6.0,1080.0,2408.0,111.63829787234043,128.0
OPPO,22990,84.0,Snapdragon,8.0,33.0,6.0,1080.0,2400.0,120.0,128.0
Vivo,19990,84.0,Helio,8.0,44.0,6.0,1080.0,2400.0,90.0,256.0
Infinix,10850,74.0,Tiger,6.0,18.0,6.0,720.0,1612.0,90.0,64.0
Realme,13499,75.0,Dimensity,4.0,33.0,6.0,1080.0,2400.0,90.0,64.0
itel,958,78.25824800910125,4,1200.0,8.0,5.921406411582213,1060.9148936170213,2179.227963525836,111.63829787234043,134.6359077231695
itel,6699,61.0,Unisoc,3.0,18.0,6.0,1612.0,720.0,111.63829787234043,64.0
OPPO,17999,80.0,Snapdragon,8.0,33.0,6.0,1080.0,2412.0,90.0,128.0
Xiaomi,13990,69.0,Dimensity,4.0,18.0,6.0,1080.0,2408.0,90.0,128.0
Honor,94990,78.25824800910125,Snapdragon,12.0,120.0,6.0,1344.0,2772.0,120.0,512.0
Tecno,8968,72.0,Helio,4.0,18.0,6.0,1080.0,2408.0,111.63829787234043,64.0
Infinix,7320,60.0,Helio,2.0,46.329588014981276,6.0,720.0,1600.0,111.63829787234043,64.0
Realme,8999,69.0,Tiger,4.0,18.0,6.0,1600.0,720.0,111.63829787234043,64.0
Samsung,13999,75.0,Helio,6.0,15.0,6.0,720.0,1560.0,111.63829787234043,128.0
Tecno,14746,79.0,Helio,6.0,18.0,6.0,1080.0,2460.0,111.63829787234043,128.0
Xiaomi,16999,83.0,Dimensity,6.0,67.0,6.0,1080.0,2400.0,120.0,128.0
Xiaomi,25990,83.0,Snapdragon,8.0,33.0,6.0,1080.0,2400.0,120.0,128.0
Xiaomi,16499,78.0,Snapdragon,6.0,33.0,6.0,1080.0,2400.0,111.63829787234043,128.0
Xiaomi,19999,81.0,Snapdragon,6.0,33.0,6.0,1080.0,2400.0,120.0,64.0
Xiaomi,23500,80.0,Snapdragon,6.0,33.0,6.0,2400.0,1080.0,144.0,128.0
LG,54999,85.0,Snapdragon,6.0,25.0,6.0,1080.0,2460.0,111.63829787234043,128.0
Motorola,19499,80.0,Snapdragon,6.0,18.0,6.0,1080.0,2340.0,111.63829787234043,128.0
LG,79990,78.25824800910125,Snapdragon,8.0,46.329588014981276,6.0,1080.0,2460.0,111.63829787234043,128.0
Samsung,39999,83.0,Exynos,6.0,25.0,6.0,1080.0,2400.0,111.63829787234043,128.0
Samsung,92999,89.0,Exynos,12.0,46.329588014981276,6.0,1440.0,3040.0,111.63829787234043,256.0
Xiaomi,1799,78.25824800910125,Helio,8.0,46.329588014981276,2.0,240.0,320.0,111.63829787234043,16.0
iQOO,32990,84.0,Snapdragon,8.0,120.0,6.0,1080.0,2400.0,120.0,256.0
Samsung,14499,72.0,Exynos,4.0,15.0,6.0,720.0,1600.0,90.0,128.0
Vivo,13999,70.0,Dimensity,4.0,15.0,6.0,720.0,1600.0,111.63829787234043,128.0
Vivo,7999,78.25824800910125,"Helio,",2.0,10.0,6.0,720.0,1600.0,111.63829787234043,32.0
itel,5785,78.25824800910125,Unisoc,2.0,18.0,6.0,1612.0,720.0,111.63829787234043,32.0
Xiaomi,12990,73.0,Dimensity,4.0,18.0,6.0,1080.0,2400.0,90.0,128.0
Poco,19990,84.0,Dimensity,8.0,120.0,6.0,1080.0,2400.0,120.0,128.0
OPPO,23990,79.0,Dimensity,12.0,33.0,6.0,1080.0,2400.0,90.0,256.0
Samsung,17999,77.0,Exynos,6.0,15.0,6.0,1080.0,2408.0,111.63829787234043,64.0
Infinix,16999,80.0,Helio,6.0,120.0,6.0,1080.0,2460.0,111.63829787234043,128.0
Honor,9999,68.0,Snapdragon,4.0,46.329588014981276,6.0,720.0,1600.0,111.63829787234043,128.0
Infinix,8299,63.0,Helio,3.0,46.329588014981276,6.0,720.0,1600.0,111.63829787234043,64.0
Sony,82199,89.0,Snapdragon,8.0,30.0,6.0,1080.0,2520.0,120.0,256.0
Samsung,1850,78.25824800910125,800,1.0,46.329588014981276,5.921406411582213,1060.9148936170213,2179.227963525836,111.63829787234043,5.0
Nubia,49990,84.0,Snapdragon,8.0,80.0,6.0,1080.0,2400.0,144.0,128.0
Nokia,11999,71.0,Unisoc,4.0,18.0,6.0,720.0,1600.0,90.0,64.0
Xiaomi,29990,82.0,Snapdragon,6.0,67.0,6.0,1080.0,2400.0,120.0,128.0
Oppo,92249,78.25824800910125,Snapdragon,8.0,33.0,7.0,1792.0,1920.0,120.0,256.0
Apple,139900,84.0,Bionic,6.0,46.329588014981276,6.0,1284.0,2778.0,120.0,256.0
Vivo,14990,74.0,Helio,4.0,18.0,6.0,720.0,1600.0,111.63829787234043,128.0
OPPO,15988,79.0,Snapdragon,6.0,33.0,6.0,1080.0,2400.0,111.63829787234043,128.0
Samsung,11725,76.0,Exynos,4.0,15.0,6.0,1080.0,2340.0,111.63829787234043,64.0
OPPO,17994,80.0,Helio,8.0,30.0,6.0,1080.0,2400.0,111.63829787234043,128.0
OPPO,134999,86.0,Snapdragon,8.0,45.0,7.0,1440.0,3200.0,111.63829787234043,256.0
OnePlus,25595,81.0,Snapdragon,6.0,30.0,6.0,1080.0,2400.0,90.0,128.0
Gionee,7499,67.0,Helio,6.0,46.329588014981276,6.0,720.0,1520.0,111.63829787234043,128.0
Poco,10890,74.0,Helio,6.0,18.0,6.0,1080.0,2340.0,111.63829787234043,64.0
OPPO,18990,83.0,Helio,8.0,30.0,6.0,1080.0,2400.0,111.63829787234043,128.0
Motorola,19990,82.0,Snapdragon,6.0,20.0,6.0,1080.0,2400.0,111.63829787234043,128.0
Samsung,15990,80.0,Exynos,4.0,15.0,6.0,1080.0,2340.0,111.63829787234043,128.0
Samsung,58999,89.0,Exynos,12.0,45.0,6.0,1440.0,3040.0,111.63829787234043,256.0
Vivo,12500,71.0,Helio,4.0,46.329588014981276,6.0,720.0,1544.0,111.63829787234043,64.0
Vivo,29999,82.0,Snapdragon,8.0,18.0,6.0,1080.0,2340.0,111.63829787234043,128.0
Vivo,31990,86.0,Snapdragon,8.0,80.0,6.0,1080.0,2408.0,120.0,256.0
Vivo,29999,86.0,Dimensity,8.0,33.0,6.0,1080.0,2400.0,90.0,128.0
Asus,107990,78.25824800910125,Dimensity,16.0,65.0,6.0,1080.0,2448.0,165.0,512.0
Motorola,31990,84.0,Snapdragon,8.0,68.0,6.0,1080.0,2400.0,120.0,128.0
Xiaomi,48990,87.0,Dimensity,8.0,120.0,6.0,1220.0,2712.0,120.0,128.0
Huawei,99990,85.0,Kirin,8.0,66.0,6.0,1440.0,3200.0,120.0,256.0
Realme,9499,65.0,Tiger,4.0,46.329588014981276,6.0,720.0,1600.0,111.63829787234043,64.0
Huawei,162990,89.0,Snapdragon,8.0,66.0,7.0,2200.0,2480.0,120.0,512.0
iQOO,24999,80.0,Snapdragon,6.0,67.0,6.0,1080.0,2412.0,144.0,128.0
Apple,82990,72.0,Bionic,6.0,46.329588014981276,6.0,1170.0,2532.0,111.63829787234043,128.0
Infinix,15999,79.0,Helio,8.0,33.0,6.0,1080.0,2460.0,120.0,128.0
Tecno,8999,64.0,Helio,4.0,46.329588014981276,6.0,720.0,1600.0,111.63829787234043,64.0
Oppo,17990,73.0,Dimensity,6.0,46.329588014981276,6.0,720.0,1600.0,111.63829787234043,128.0
Vivo,82990,78.25824800910125,Snapdragon,12.0,120.0,6.0,1440.0,3200.0,120.0,256.0
Xiaomi,12999,77.0,Helio,6.0,18.0,6.0,1080.0,2400.0,90.0,128.0
Huawei,29990,83.0,Snapdragon,8.0,66.0,6.0,1080.0,2340.0,120.0,128.0
Tecno,6999,78.25824800910125,Spreadtrum,1.0,46.329588014981276,6.0,720.0,1520.0,111.63829787234043,16.0
Huawei,60999,78.25824800910125,Snapdragon,8.0,66.0,6.0,1288.0,2700.0,120.0,256.0
Xiaomi,27990,83.0,Dimensity,8.0,67.0,6.0,1440.0,3200.0,120.0,128.0
Nokia,5249,78.25824800910125,Unisoc,2.0,46.329588014981276,5.0,720.0,1440.0,111.63829787234043,16.0
Realme,14999,80.0,Snapdragon,6.0,30.0,6.0,1080.0,2400.0,120.0,128.0
OPPO,44990,87.0,Snapdragon,8.0,65.0,6.0,1080.0,2400.0,90.0,128.0
Motorola,22490,87.0,Snapdragon,6.0,20.0,6.0,1080.0,2520.0,90.0,128.0
Oppo,50990,78.25824800910125,Snapdragon,12.0,65.0,6.0,1440.0,3216.0,120.0,256.0
Poco,11499,75.0,Snapdragon,6.0,18.0,6.0,1080.0,2340.0,111.63829787234043,64.0
itel,5990,78.25824800910125,Unisoc,1.0,46.329588014981276,6.0,1600.0,720.0,111.63829787234043,16.0
Vivo,27000,84.0,Snapdragon,8.0,33.0,6.0,1080.0,2400.0,111.63829787234043,128.0
Xiaomi,29999,86.0,Snapdragon,8.0,33.0,6.0,1080.0,2400.0,144.0,128.0
Vivo,27990,84.0,Snapdragon,8.0,33.0,6.0,1080.0,2400.0,111.63829787234043,256.0
Nokia,3290,78.25824800910125,2000,2.0,3.0,5.921406411582213,1060.9148936170213,2179.227963525836,111.63829787234043,4.0
Samsung,74999,89.0,Exynos,8.0,25.0,6.0,1440.0,3200.0,111.63829787234043,128.0
Vivo,9990,72.0,Snapdragon,4.0,18.0,6.0,1080.0,2340.0,111.63829787234043,64.0
Oppo,19990,82.0,Snapdragon,8.0,30.0,6.0,1080.0,2340.0,111.63829787234043,128.0
Realme,13279,75.0,Snapdragon,4.0,20.0,6.0,1080.0,2340.0,111.63829787234043,64.0
Vivo,11000,68.0,Helio,3.0,46.329588014981276,6.0,720.0,1544.0,111.63829787234043,64.0
Apple,18900,78.25824800910125,32,4.0,1.0,5.921406411582213,1060.9148936170213,2179.227963525836,111.63829787234043,640.0
Xiaomi,12999,78.0,Snapdragon,6.0,46.329588014981276,6.0,1080.0,2246.0,111.63829787234043,128.0
Poco,7299,61.0,Helio,3.0,10.0,6.0,720.0,1600.0,111.63829787234043,32.0
Karbonn,995,78.25824800910125,52,1000.0,8.0,5.921406411582213,1060.9148936170213,2179.227963525836,111.63829787234043,134.6359077231695
iKall,7999,61.0,Quad,4.0,46.329588014981276,6.0,720.0,1600.0,111.63829787234043,32.0
Xiaomi,54990,86.0,Snapdragon,8.0,67.0,6.0,1440.0,3200.0,120.0,128.0
Vivo,49990,77.0,Dimensity,12.0,120.0,6.0,1080.0,2400.0,120.0,256.0
Honor,54990,78.25824800910125,Snapdragon,12.0,100.0,6.0,1200.0,2652.0,120.0,256.0
Apple,49990,60.0,Bionic,64.0,1.0,5.921406411582213,1060.9148936170213,2179.227963525836,111.63829787234043,134.6359077231695
Tecno,15499,71.0,Dimensity,4.0,18.0,6.0,1080.0,2400.0,120.0,128.0
Apple,169900,78.0,Bionic,6.0,46.329588014981276,6.0,1290.0,2796.0,120.0,512.0
Google,53990,75.0,Google,8.0,67.0,6.0,1080.0,2400.0,120.0,128.0
Vivo,18990,80.0,Dimensity,8.0,44.0,6.0,1080.0,2408.0,120.0,128.0
Motorola,16999,76.0,Snapdragon,4.0,33.0,6.0,2460.0,1080.0,90.0,64.0
Motorola,34999,86.0,Snapdragon,8.0,67.0,6.0,1080.0,2412.0,144.0,128.0
Vivo,82990,78.25824800910125,Snapdragon,12.0,80.0,5.921406411582213,1440.0,3080.0,120.0,512.0
Realme,46999,89.0,Snapdragon,12.0,65.0,6.0,1440.0,3216.0,120.0,256.0
Vivo,8499,66.0,Helio,3.0,46.329588014981276,6.0,720.0,1600.0,111.63829787234043,32.0
Honor,16999,76.0,Snapdragon,6.0,22.0,6.0,1080.0,2388.0,90.0,128.0
Samsung,11499,69.0,Unisoc,4.0,15.0,6.0,720.0,1560.0,111.63829787234043,64.0
Samsung,88999,88.0,Snapdragon,8.0,45.0,6.0,1080.0,2340.0,120.0,256.0
Vivo,15990,81.0,Snapdragon,8.0,18.0,6.0,1080.0,2408.0,90.0,128.0
Xiaomi,24990,83.0,Dimensity,8.0,67.0,6.0,2400.0,1080.0,120.0,128.0
Oppo,79990,78.25824800910125,Snapdragon,8.0,80.0,6.0,1440.0,3216.0,120.0,256.0
Tecno,6249,61.0,Octa,2.0,46.329588014981276,6.0,720.0,1600.0,111.63829787234043,32.0
Vivo,12499,69.0,Snapdragon,3.0,18.0,6.0,720.0,1600.0,111.63829787234043,64.0
Xiaomi,6499,61.0,Helio,2.0,46.329588014981276,6.0,720.0,1600.0,111.63829787234043,32.0
Apple,179900,86.0,Bionic,6.0,46.329588014981276,6.0,1284.0,2778.0,120.0,1.0
Vivo,11990,68.0,Snapdragon,3.0,46.329588014981276,6.0,720.0,1600.0,111.63829787234043,64.0
Vivo,26990,82.0,Helio,8.0,44.0,6.0,1080.0,2400.0,111.63829787234043,128.0
Samsung,13499,76.0,Helio,6.0,46.329588014981276,6.0,720.0,1600.0,90.0,128.0
Xiaomi,75999,78.25824800910125,Snapdragon,12.0,67.0,6.0,1440.0,3200.0,120.0,256.0
Micromax,5999,60.0,Tiger,3.0,46.329588014981276,6.0,720.0,1600.0,111.63829787234043,32.0
Samsung,8499,67.0,Helio,3.0,15.0,6.0,720.0,1600.0,111.63829787234043,32.0
OPPO,11990,71.0,Helio,4.0,46.329588014981276,6.0,1600.0,720.0,111.63829787234043,128.0
Xiaomi,10990,77.0,Dimensity,4.0,18.0,6.0,1080.0,2340.0,90.0,128.0
Xiaomi,109990,78.25824800910125,Snapdragon,12.0,67.0,8.0,1860.0,2480.0,90.0,256.0
Realme,16999,80.0,Dimensity,6.0,18.0,6.0,1080.0,2400.0,90.0,128.0
OPPO,12199,70.0,Helio,4.0,46.329588014981276,6.0,1600.0,720.0,111.63829787234043,64.0
Oppo,11490,72.0,Helio,4.0,46.329588014981276,6.0,720.0,1600.0,111.63829787234043,128.0
itel,5490,78.25824800910125,Quad,1.0,46.329588014981276,5.921406411582213,720.0,1600.0,111.63829787234043,16.0
Xiaomi,11499,74.0,Snapdragon,4.0,18.0,6.0,1080.0,2340.0,111.63829787234043,64.0
Samsung,59450,88.0,Exynos,8.0,25.0,6.0,1080.0,2400.0,120.0,128.0
POCO,12799,76.0,Snapdragon,4.0,33.0,6.0,1080.0,2400.0,111.63829787234043,64.0
Samsung,83000,88.0,Exynos,8.0,25.0,6.0,1440.0,3200.0,120.0,128.0
Realme,14490,80.0,Snapdragon,6.0,30.0,6.0,1080.0,2400.0,90.0,64.0
Huawei,82990,78.25824800910125,Kirin,8.0,40.0,6.0,1200.0,2640.0,90.0,256.0
Vivo,9490,64.0,Snapdragon,3.0,46.329588014981276,6.0,720.0,1544.0,111.63829787234043,32.0
Vivo,25000,78.0,Snapdragon,8.0,46.329588014981276,6.0,1080.0,2316.0,111.63829787234043,128.0
Vivo,15000,65.0,Snapdragon,4.0,46.329588014981276,6.0,1520.0,720.0,111.63829787234043,64.0
Vivo,20990,70.0,Helio,4.0,46.329588014981276,6.0,1080.0,2280.0,111.63829787234043,128.0
Samsung,34999,78.0,Exynos,6.0,46.329588014981276,6.0,1440.0,2960.0,111.63829787234043,128.0
Realme,29999,80.0,Snapdragon,8.0,120.0,6.0,1080.0,2400.0,144.0,128.0
Vivo,11999,67.0,Dimensity,4.0,15.0,6.0,720.0,1600.0,111.63829787234043,128.0
Samsung,12999,72.0,Helio,4.0,46.329588014981276,6.0,720.0,1600.0,111.63829787234043,128.0
Leitz,124990,89.0,Snapdragon,12.0,46.329588014981276,6.0,1260.0,2730.0,240.0,256.0
Xiaomi,28999,85.0,Dimensity,8.0,120.0,6.0,1080.0,2460.0,120.0,128.0
Infinix,12999,77.0,Helio,8.0,18.0,6.0,1080.0,2460.0,111.63829787234043,128.0
Realme,28499,82.0,Snapdragon,8.0,80.0,6.0,1080.0,2400.0,120.0,256.0
Apple,104999,83.0,Bionic,6.0,46.329588014981276,6.0,1284.0,2778.0,111.63829787234043,512.0
Apple,172999,77.0,Bionic,6.0,46.329588014981276,6.0,1179.0,2556.0,120.0,1.0
Xiaomi,17990,79.0,Snapdragon,6.0,18.0,6.0,1080.0,2408.0,120.0,128.0
Xiaomi,13774,76.0,Helio,6.0,18.0,6.0,1080.0,2400.0,90.0,128.0
itel,2239,78.25824800910125,No,117.0,128.0,5.921406411582213,1060.9148936170213,2179.227963525836,111.63829787234043,134.6359077231695
Nokia,8999,64.0,Unisoc,4.0,46.329588014981276,6.0,720.0,1600.0,111.63829787234043,64.0
OnePlus,18990,75.0,Dimensity,4.0,33.0,6.0,720.0,1612.0,90.0,64.0
Tecno,14999,77.0,Helio,6.0,18.0,6.0,1080.0,2400.0,90.0,128.0
Realme,7999,61.0,Tiger,3.0,10.0,6.0,720.0,1600.0,111.63829787234043,32.0
Xiaomi,39999,85.0,Snapdragon,8.0,120.0,6.0,1220.0,2712.0,144.0,128.0
OPPO,11990,67.0,Helio,3.0,33.0,6.0,720.0,1612.0,111.63829787234043,64.0
Infinix,12999,77.0,Helio,6.0,33.0,6.0,2400.0,1080.0,111.63829787234043,128.0
Samsung,54999,77.0,Octa,8.0,46.329588014981276,6.0,1080.0,2400.0,111.63829787234043,128.0
Samsung,24990,72.0,Octa,6.0,46.329588014981276,6.0,1080.0,2400.0,111.63829787234043,128.0
Vivo,59999,88.0,Dimensity,12.0,80.0,6.0,1080.0,2400.0,120.0,256.0
Poco,19999,72.0,Snapdragon,6.0,46.329588014981276,6.0,1080.0,2400.0,120.0,128.0
Infinix,16999,79.0,Helio,8.0,33.0,6.0,1080.0,2400.0,111.63829787234043,128.0
Samsung,14999,60.0,Exynos,4.0,46.329588014981276,6.0,720.0,1600.0,111.63829787234043,64.0
Vivo,29990,76.0,Snapdragon,8.0,67.0,6.0,1080.0,2408.0,90.0,128.0
Xiaomi,13990,69.0,Dimensity,4.0,18.0,6.0,1080.0,2408.0,90.0,128.0
Xiaomi,17999,81.0,Helio,6.0,67.0,6.0,1080.0,2400.0,120.0,128.0
Realme,11399,73.0,Tiger,4.0,18.0,6.0,1080.0,2408.0,111.63829787234043,64.0
Eunity,599,78.25824800910125,1.77,32.0,46.329588014981276,1.0,260.0,240.0,111.63829787234043,32.0
Vivo,19990,79.0,Dimensity,8.0,18.0,6.0,1080.0,2408.0,111.63829787234043,128.0
Vivo,15499,74.0,Snapdragon,4.0,18.0,6.0,1600.0,720.0,90.0,128.0
Gionee,6999,78.25824800910125,Tiger,3.0,46.329588014981276,6.0,720.0,1600.0,111.63829787234043,32.0
Xiaomi,12499,77.0,Snapdragon,4.0,18.0,6.0,1080.0,2400.0,111.63829787234043,128.0
Apple,91999,80.0,Bionic,4.0,46.329588014981276,6.0,1170.0,2532.0,111.63829787234043,512.0
Infinix,9690,71.0,Helio,4.0,46.329588014981276,6.0,1080.0,2480.0,90.0,64.0
Realme,32990,85.0,Snapdragon,8.0,65.0,6.0,1080.0,2400.0,120.0,128.0
Xiaomi,42990,87.0,Snapdragon,8.0,67.0,6.0,1080.0,2400.0,120.0,128.0
CAT,14999,78.25824800910125,Qualcomm,2.0,46.329588014981276,5.921406411582213,480.0,640.0,111.63829787234043,16.0
Xiaomi,18699,82.0,Snapdragon,8.0,33.0,6.0,1080.0,2400.0,90.0,128.0
DIZO,1749,78.25824800910125,"SC6531E,",32.0,46.329588014981276,2.0,240.0,320.0,111.63829787234043,32.0
Realme,10990,76.0,Dimensity,4.0,18.0,6.0,1080.0,2400.0,111.63829787234043,128.0
Xiaomi,30990,85.0,Snapdragon,8.0,33.0,6.0,1080.0,2400.0,120.0,128.0
Lenovo,59999,89.0,Snapdragon,16.0,120.0,6.0,1080.0,2400.0,144.0,512.0
Samsung,23999,83.0,Exynos,6.0,46.329588014981276,6.0,1080.0,2400.0,111.63829787234043,128.0
Realme,9999,69.0,Dimensity,4.0,18.0,6.0,720.0,1600.0,111.63829787234043,128.0
Nokia,3099,78.25824800910125,Unisoc,64.0,46.329588014981276,2.0,240.0,320.0,111.63829787234043,128.0
Apple,119900,80.0,Bionic,6.0,1.0,5.921406411582213,1060.9148936170213,2179.227963525836,111.63829787234043,256.0
Xiaomi,9299,67.0,Helio,4.0,10.0,6.0,720.0,1600.0,111.63829787234043,128.0
Realme,12989,77.0,Helio,6.0,30.0,6.0,1080.0,2400.0,90.0,64.0
Samsung,4999,78.25824800910125,(28,1.0,46.329588014981276,5.0,720.0,1480.0,111.63829787234043,16.0
LG,11999,78.25824800910125,1,1470.0,8.0,5.921406411582213,1060.9148936170213,2179.227963525836,111.63829787234043,134.6359077231695
Oppo,29990,83.0,Snapdragon,8.0,65.0,6.0,1080.0,2400.0,111.63829787234043,128.0
Oppo,12490,72.0,Helio,6.0,46.329588014981276,6.0,720.0,1600.0,111.63829787234043,128.0
Sony,27999,75.0,Snapdragon,4.0,18.0,5.921406411582213,1080.0,2520.0,90.0,128.0
Vivo,8199,78.25824800910125,Helio,2.0,46.329588014981276,6.0,720.0,1520.0,111.63829787234043,32.0
Huawei,21990,81.0,Kirin,8.0,40.0,6.0,1080.0,2340.0,111.63829787234043,128.0
Vivo,20000,73.0,Helio,4.0,18.0,6.0,1080.0,2340.0,111.63829787234043,128.0
Vivo,11990,74.0,Snapdragon,6.0,18.0,6.0,1080.0,2340.0,111.63829787234043,64.0
Xiaomi,11989,75.0,Helio,4.0,22.0,6.0,1080.0,2340.0,111.63829787234043,64.0
Xiaomi,11490,66.0,Snapdragon,4.0,18.0,6.0,720.0,1520.0,111.63829787234043,64.0
Motorola,11490,68.0,Helio,4.0,10.0,6.0,720.0,1520.0,111.63829787234043,64.0
Google,15999,67.0,Qualcomm,4.0,18.0,5.921406411582213,1080.0,2160.0,111.63829787234043,64.0
Samsung,17990,69.0,Samsung,4.0,15.0,5.0,1080.0,2340.0,111.63829787234043,64.0
Samsung,78990,86.0,Exynos,8.0,25.0,6.0,1440.0,3040.0,111.63829787234043,256.0
Huawei,10949,66.0,Kirin,4.0,46.329588014981276,5.0,1080.0,2280.0,111.63829787234043,64.0
Xiaomi,10300,65.0,Qualcomm,4.0,46.329588014981276,5.0,1080.0,1920.0,111.63829787234043,64.0
BlackZone,1899,78.25824800910125,Single,48.0,46.329588014981276,1.0,480.0,640.0,111.63829787234043,48.0
Doogee,45999,88.0,Dimensity,12.0,33.0,6.0,1080.0,2408.0,120.0,256.0
Huawei,21990,63.0,Octa,4.0,22.0,6.0,720.0,1600.0,111.63829787234043,64.0
iQOO,19990,76.0,Snapdragon,8.0,45.0,6.0,1080.0,2412.0,120.0,128.0
Vivo,32990,84.0,Snapdragon,8.0,80.0,6.0,1080.0,2400.0,120.0,256.0
Poco,14499,77.0,Helio,6.0,18.0,6.0,1080.0,2400.0,90.0,128.0
Nokia,41990,85.0,Snapdragon,6.0,33.0,6.0,1080.0,2400.0,90.0,128.0
Tecno,13990,67.0,Helio,6.0,46.329588014981276,6.0,720.0,1600.0,90.0,128.0
Nokia,1599,78.25824800910125,No,4.0,46.329588014981276,1.0,120.0,160.0,111.63829787234043,4.0
Nokia,4799,78.25824800910125,No,107.0,128.0,5.921406411582213,1060.9148936170213,2179.227963525836,111.63829787234043,134.6359077231695
Vivo,10490,67.0,Helio,3.0,46.329588014981276,6.0,720.0,1600.0,111.63829787234043,64.0
Huawei,29990,82.0,Snapdragon,8.0,66.0,6.0,1080.0,2400.0,120.0,128.0
Huawei,22990,82.0,Snapdragon,8.0,40.0,6.0,1080.0,2388.0,90.0,128.0
Samsung,47990,80.0,Dimensity,8.0,46.329588014981276,6.0,1080.0,2400.0,111.63829787234043,128.0
Infinix,19999,84.0,Helio,8.0,120.0,6.0,1080.0,2400.0,120.0,128.0
OnePlus,29999,83.0,Snapdragon,8.0,80.0,6.0,1080.0,2412.0,120.0,128.0
Realme,11879,74.0,Tiger,4.0,18.0,6.0,1080.0,2408.0,111.63829787234043,128.0
OnePlus,28990,84.0,Dimensity,8.0,150.0,6.0,1080.0,2412.0,120.0,128.0
iQOO,39990,85.0,Snapdragon,12.0,120.0,6.0,1080.0,2376.0,120.0,256.0
Xiaomi,15999,78.0,Dimensity,6.0,33.0,6.0,1080.0,2400.0,90.0,64.0
Oppo,22990,82.0,Snapdragon,8.0,33.0,6.0,1080.0,2400.0,111.63829787234043,256.0
Royole,149999,87.0,Snapdragon,8.0,46.329588014981276,7.0,1440.0,1920.0,111.63829787234043,128.0
Tecno,11499,75.0,Helio,4.0,18.0,6.0,1080.0,2460.0,90.0,128.0
Tecno,22999,84.0,Helio,8.0,44.0,6.0,1080.0,2400.0,120.0,256.0
Tecno,7999,70.0,Helio,4.0,46.329588014981276,6.0,720.0,1600.0,111.63829787234043,64.0
Realme,31999,82.0,Snapdragon,8.0,65.0,6.0,2400.0,1080.0,120.0,128.0
Sony,30990,78.0,Snapdragon,6.0,30.0,5.921406411582213,1080.0,2520.0,111.63829787234043,64.0
Realme,7999,64.0,Helio,3.0,46.329588014981276,6.0,720.0,1600.0,111.63829787234043,32.0
Tecno,10999,74.0,Helio,4.0,18.0,6.0,1080.0,2460.0,111.63829787234043,64.0
Poco,14990,79.0,Dimensity,6.0,67.0,6.0,1080.0,2400.0,120.0,128.0
Motorola,14499,77.0,Snapdragon,4.0,20.0,6.0,1080.0,2460.0,120.0,64.0
OnePlus,44999,86.0,Snapdragon,8.0,65.0,6.0,1080.0,2400.0,120.0,128.0
Realme,17999,83.0,Helio,8.0,30.0,6.0,1080.0,2400.0,111.63829787234043,128.0
Realme,19999,83.0,Dimensity,8.0,30.0,6.0,1080.0,2400.0,120.0,128.0
Itel,3999,78.25824800910125,Spreadtrum,1.0,46.329588014981276,5.921406411582213,854.0,480.0,111.63829787234043,8.0
Samsung,101999,78.25824800910125,Exynos,12.0,25.0,6.0,1440.0,3200.0,120.0,128.0
Oppo,38700,84.0,Dimensity,8.0,65.0,6.0,1080.0,2400.0,90.0,128.0
OnePlus,19999,73.0,Snapdragon,4.0,65.0,6.0,1080.0,2400.0,111.63829787234043,64.0
Samsung,10999,72.0,Exynos,4.0,15.0,6.0,720.0,1600.0,90.0,64.0
OnePlus,16990,68.0,Snapdragon,4.0,18.0,6.0,720.0,1600.0,90.0,64.0
Apple,55999,75.0,Bionic,4.0,4.0,5.921406411582213,1060.9148936170213,2179.227963525836,111.63829787234043,256.0
Apple,67999,76.0,Bionic,4.0,1.0,5.921406411582213,1060.9148936170213,2179.227963525836,111.63829787234043,256.0
OPPO,9999,66.0,Helio,3.0,46.329588014981276,6.0,720.0,1600.0,111.63829787234043,32.0
Xiaomi,14439,77.0,Snapdragon,4.0,18.0,6.0,1080.0,2400.0,111.63829787234043,128.0
Nokia,2499,78.25824800910125,No,4.0,46.329588014981276,2.0,240.0,320.0,111.63829787234043,134.6359077231695
Oppo,9990,64.0,Helio,3.0,46.329588014981276,6.0,1520.0,720.0,111.63829787234043,32.0
Realme,24999,85.0,Snapdragon,8.0,65.0,6.0,1080.0,2400.0,90.0,128.0
Samsung,85990,78.25824800910125,Exynos,8.0,25.0,6.0,1440.0,3200.0,111.63829787234043,128.0
Xiaomi,480000,88.0,Snapdragon,8.0,27.0,6.0,1080.0,2340.0,111.63829787234043,256.0
Xiaomi,16999,78.0,Helio,6.0,18.0,6.0,1080.0,2340.0,111.63829787234043,64.0
Realme,8999,78.25824800910125,Helio,2.0,46.329588014981276,6.0,720.0,1520.0,111.63829787234043,16.0
OPPO,15990,62.0,Helio,3.0,46.329588014981276,5.921406411582213,1080.0,2160.0,111.63829787234043,32.0
Nokia,3999,78.25824800910125,256,1200.0,4.0,5.921406411582213,1060.9148936170213,2179.227963525836,111.63829787234043,134.6359077231695
Lyf,3890,78.25824800910125,Snapdragon,3.0,46.329588014981276,5.921406411582213,1080.0,1920.0,111.63829787234043,32.0
Samsung,1685,78.25824800910125,No,800.0,5.0,5.921406411582213,1060.9148936170213,2179.227963525836,111.63829787234043,134.6359077231695
Apple,84990,75.0,Bionic,8.0,46.329588014981276,6.0,1284.0,2778.0,120.0,128.0
Vivo,21999,78.0,Dimensity,4.0,18.0,6.0,1080.0,2408.0,111.63829787234043,128.0
iKall,2099,78.25824800910125,48,1800.0,4.0,5.921406411582213,1060.9148936170213,2179.227963525836,111.63829787234043,134.6359077231695
Lava,8999,66.0,Helio,4.0,46.329588014981276,6.0,720.0,1600.0,111.63829787234043,64.0
Eunity,649,78.25824800910125,1.77,16.0,46.329588014981276,1.0,280.0,240.0,111.63829787234043,16.0
Tecno,20999,79.0,Dimensity,6.0,33.0,6.0,1080.0,2460.0,120.0,128.0
OPPO,32990,84.0,Dimensity,8.0,80.0,6.0,1080.0,2400.0,90.0,128.0
Motorola,9022,70.0,Helio,4.0,10.0,6.0,720.0,1600.0,90.0,64.0
Xiaomi,8399,61.0,Helio,3.0,10.0,6.0,720.0,1600.0,111.63829787234043,32.0
Infinix,9999,64.0,Helio,3.0,46.329588014981276,6.0,720.0,1612.0,111.63829787234043,64.0
Tecno,8390,63.0,Helio,3.0,46.329588014981276,6.0,720.0,1600.0,90.0,64.0
ZTE,19999,82.0,Snapdragon,6.0,55.0,6.0,1080.0,2460.0,120.0,128.0
Honor,13999,71.0,Helio,4.0,10.0,6.0,720.0,1600.0,111.63829787234043,64.0
Xiaomi,29999,85.0,Snapdragon,8.0,67.0,6.0,1080.0,2400.0,120.0,128.0
TCL,8990,60.0,Helio,3.0,10.0,5.921406411582213,720.0,1440.0,111.63829787234043,32.0
Samsung,163980,78.25824800910125,Snapdragon,12.0,25.0,7.0,1812.0,2176.0,120.0,1.0
Nothing,24990,80.0,Snapdragon,6.0,33.0,6.0,1080.0,2400.0,120.0,128.0
Motorola,59990,78.25824800910125,Snapdragon,8.0,125.0,6.0,1080.0,2340.0,144.0,128.0
OnePlus,47990,86.0,Snapdragon,12.0,150.0,6.0,1080.0,2412.0,120.0,256.0
Realme,40990,86.0,Snapdragon,8.0,100.0,6.0,1080.0,2412.0,120.0,128.0
Samsung,22999,74.0,Octa,8.0,46.329588014981276,6.0,1080.0,2400.0,111.63829787234043,128.0
Samsung,12990,63.0,Octa,4.0,18.0,6.0,720.0,1560.0,111.63829787234043,64.0
Infinix,14999,79.0,Helio,8.0,33.0,6.0,2400.0,1080.0,111.63829787234043,128.0
POCO,42999,86.0,Dimensity,8.0,150.0,6.0,1080.0,2412.0,120.0,128.0
iQOO,14999,78.0,Snapdragon,4.0,18.0,6.0,1080.0,2412.0,120.0,128.0
Vivo,22990,83.0,Snapdragon,8.0,44.0,6.0,1080.0,2400.0,120.0,128.0
Vivo,118990,78.25824800910125,Snapdragon,12.0,66.0,8.0,1916.0,2160.0,120.0,512.0
Oppo,29990,81.0,Snapdragon,8.0,80.0,6.0,1080.0,2400.0,120.0,128.0
Tecno,7399,62.0,Unisoc,3.0,46.329588014981276,6.0,720.0,1612.0,90.0,64.0
iQOO,17999,80.0,Snapdragon,8.0,55.0,6.0,1080.0,2400.0,120.0,128.0
Infinix,12799,77.0,Helio,6.0,33.0,6.0,1080.0,2400.0,111.63829787234043,128.0
Xiaomi,26999,86.0,Dimensity,8.0,120.0,6.0,2400.0,1080.0,120.0,128.0
Samsung,22999,82.0,Dimensity,8.0,15.0,6.0,1080.0,2408.0,90.0,128.0
Apple,147900,84.0,Bionic,6.0,46.329588014981276,6.0,1170.0,2532.0,120.0,1.0
Nubia,44999,84.0,Snapdragon,8.0,30.0,6.0,1080.0,2400.0,165.0,128.0
Micromax,7790,68.0,Unisoc,6.0,46.329588014981276,6.0,720.0,1600.0,111.63829787234043,64.0
Nokia,39990,87.0,Snapdragon,6.0,33.0,6.0,1080.0,2400.0,144.0,128.0
Vivo,9999,65.0,Snapdragon,3.0,46.329588014981276,6.0,720.0,1600.0,111.63829787234043,32.0
Oppo,22990,80.0,Snapdragon,6.0,18.0,6.0,1080.0,2400.0,90.0,128.0
Poco,32999,79.0,Dimensity,6.0,67.0,6.0,1080.0,2400.0,120.0,128.0
Honor,32990,85.0,Snapdragon,6.0,66.0,6.0,1080.0,2340.0,120.0,128.0
OPPO,14999,74.0,Helio,6.0,46.329588014981276,6.0,1600.0,720.0,111.63829787234043,128.0
Realme,12499,74.0,Helio,4.0,18.0,6.0,1080.0,2412.0,120.0,64.0
iQOO,39990,84.0,Snapdragon,8.0,66.0,6.0,1080.0,2400.0,120.0,128.0
Realme,6499,61.0,"SC9863A,",2.0,46.329588014981276,6.0,720.0,1600.0,111.63829787234043,32.0
Samsung,18499,76.0,Helio,6.0,15.0,6.0,720.0,1600.0,111.63829787234043,128.0
Realme,30994,85.0,Snapdragon,8.0,65.0,6.0,1080.0,2400.0,120.0,128.0
Google,32999,78.0,Snapdragon,6.0,18.0,6.0,1080.0,2400.0,111.63829787234043,128.0
Samsung,10499,73.0,Exynos,4.0,15.0,6.0,720.0,1600.0,90.0,64.0
Samsung,19999,82.0,Exynos,6.0,15.0,6.0,1080.0,2340.0,111.63829787234043,128.0
Samsung,17499,75.0,Exynos,6.0,46.329588014981276,6.0,720.0,1600.0,111.63829787234043,128.0
Xiaomi,10990,69.0,Helio,6.0,46.329588014981276,6.0,720.0,1600.0,111.63829787234043,128.0
Vivo,19000,82.0,Snapdragon,8.0,33.0,6.0,1080.0,2400.0,111.63829787234043,128.0
OPPO,13990,70.0,Snapdragon,6.0,18.0,6.0,1600.0,720.0,90.0,128.0
Realme,10499,72.0,Helio,4.0,18.0,6.0,720.0,1600.0,111.63829787234043,64.0
itel,5890,78.25824800910125,Unisoc,3.0,46.329588014981276,6.0,1520.0,720.0,111.63829787234043,32.0
Realme,6490,61.0,Helio,2.0,46.329588014981276,6.0,720.0,1600.0,111.63829787234043,32.0
Xiaomi,54999,88.0,Snapdragon,8.0,30.0,6.0,1080.0,2340.0,90.0,256.0
Vivo,9990,65.0,Snapdragon,4.0,46.329588014981276,6.0,720.0,1544.0,111.63829787234043,64.0
OnePlus,24999,79.0,Snapdragon,8.0,30.0,6.0,1080.0,2400.0,90.0,128.0
Nokia,3399,78.25824800910125,8,1200.0,4.0,5.921406411582213,1060.9148936170213,2179.227963525836,111.63829787234043,134.6359077231695
Sharp,59990,88.0,Snapdragon,12.0,46.329588014981276,6.0,1440.0,3168.0,111.63829787234043,256.0
Huawei,214990,78.25824800910125,Kirin,12.0,46.329588014981276,6.0,1176.0,2400.0,111.63829787234043,512.0
Samsung,9990,63.0,Octa,2.0,15.0,6.0,720.0,1560.0,111.63829787234043,32.0
Realme,6999,78.25824800910125,Helio,2.0,46.329588014981276,6.0,1560.0,720.0,111.63829787234043,16.0
Huawei,169000,78.25824800910125,Kirin,8.0,55.0,5.921406411582213,2200.0,2480.0,111.63829787234043,512.0
Samsung,39990,78.0,Snapdragon,6.0,46.329588014981276,6.0,1080.0,2340.0,111.63829787234043,128.0
Samsung,21490,70.0,Exynos,4.0,46.329588014981276,5.921406411582213,2220.0,1080.0,111.63829787234043,64.0
Vivo,13490,78.25824800910125,Snapdragon,3.0,46.329588014981276,5.0,720.0,1280.0,111.63829787234043,16.0
Poco,7999,70.0,Helio,4.0,46.329588014981276,6.0,720.0,1650.0,111.63829787234043,64.0
Blackview,8990,67.0,Helio,4.0,10.0,6.0,720.0,1560.0,111.63829787234043,64.0
Honor,13999,75.0,Helio,6.0,22.0,6.0,720.0,1600.0,90.0,128.0
XTouch,1999,78.25824800910125,No,22.645731108930324,32.0,5.921406411582213,1060.9148936170213,2179.227963525836,111.63829787234043,134.6359077231695
OPPO,13990,72.0,Dimensity,6.0,10.0,6.0,720.0,1612.0,90.0,128.0
Doogee,14999,84.0,Helio,8.0,33.0,6.0,1080.0,2340.0,111.63829787234043,128.0
Lava,6999,78.25824800910125,Helio,3.0,46.329588014981276,6.0,1600.0,720.0,111.63829787234043,32.0
Motorola,42990,87.0,Snapdragon,8.0,68.0,6.0,1080.0,2400.0,144.0,128.0
iKall,6799,61.0,Quad,4.0,46.329588014981276,6.0,720.0,1560.0,111.63829787234043,64.0
Oukitel,25899,72.0,Helio,6.0,46.329588014981276,5.0,720.0,1520.0,111.63829787234043,128.0
Xiaomi,54999,89.0,Snapdragon,12.0,67.0,6.0,1440.0,3200.0,120.0,256.0
Motorola,49990,89.0,Snapdragon,8.0,68.0,6.0,1080.0,2400.0,144.0,128.0
Xiaomi,32990,86.0,Dimensity,8.0,80.0,6.0,1080.0,2400.0,120.0,256.0
Realme,8720,64.0,Tiger,4.0,10.0,6.0,720.0,1600.0,111.63829787234043,64.0
Oppo,69990,89.0,Snapdragon,8.0,120.0,6.0,1080.0,2400.0,120.0,256.0
itel,4787,78.25824800910125,Spreadtrum,2.0,46.329588014981276,5.921406411582213,854.0,480.0,111.63829787234043,32.0
Google,70990,80.0,Google,12.0,67.0,6.0,1440.0,3120.0,120.0,256.0
Vivo,119990,78.25824800910125,Snapdragon,12.0,66.0,8.0,1916.0,2160.0,120.0,256.0
Motorola,34990,83.0,Snapdragon,8.0,68.0,6.0,1080.0,2460.0,120.0,128.0
Honor,14990,75.0,Snapdragon,6.0,22.0,6.0,720.0,1600.0,111.63829787234043,128.0
POCO,28990,85.0,Dimensity,8.0,67.0,6.0,1080.0,2460.0,144.0,256.0
Motorola,19990,80.0,Snapdragon,6.0,46.329588014981276,6.0,1080.0,2400.0,111.63829787234043,128.0
Samsung,24990,74.0,Octa,8.0,46.329588014981276,6.0,1080.0,2400.0,111.63829787234043,128.0
